-- phpMyAdmin SQL Dump
-- version 4.9.2
-- https://www.phpmyadmin.net/
--
-- Host: localhost:3306
-- Generation Time: Dec 25, 2019 at 04:07 PM
-- Server version: 5.7.24
-- PHP Version: 7.2.19

SET SQL_MODE = "NO_AUTO_VALUE_ON_ZERO";
SET AUTOCOMMIT = 0;
START TRANSACTION;
SET time_zone = "+00:00";


/*!40101 SET @OLD_CHARACTER_SET_CLIENT=@@CHARACTER_SET_CLIENT */;
/*!40101 SET @OLD_CHARACTER_SET_RESULTS=@@CHARACTER_SET_RESULTS */;
/*!40101 SET @OLD_COLLATION_CONNECTION=@@COLLATION_CONNECTION */;
/*!40101 SET NAMES utf8mb4 */;

--
-- Database: `touristix`
--

-- --------------------------------------------------------

--
-- Table structure for table `customer`
--

CREATE TABLE `customer` (
  `id_customer` int(11) NOT NULL,
  `mitra` int(12) NOT NULL,
  `nik` varchar(100) NOT NULL,
  `nama_customer` varchar(100) NOT NULL,
  `alamat` varchar(100) NOT NULL,
  `hp` varchar(20) NOT NULL,
  `email` varchar(50) NOT NULL
) ENGINE=InnoDB DEFAULT CHARSET=latin1;

--
-- Dumping data for table `customer`
--

INSERT INTO `customer` (`id_customer`, `mitra`, `nik`, `nama_customer`, `alamat`, `hp`, `email`) VALUES
(1, 771, '1171024602750000', 'Ricky Rahael', 'BANDA ACEH', '085373967222', 'kanatour12@gmail.com'),
(2, 771, '1171022907080000\r\n', 'FAZZAH SYAKHYIYA FACHYA\r\n', 'LHOKSEUMAWE\r\n', '85299999183', 'ramlansabri11@gmail.com'),
(3, 771, '1171026407670000', 'ADAMUL KIRAM', 'BANDA ACEH', '81355170034', 'yantosutedjo12@gmail.com'),
(4, 771, '1171021107980000', 'FAKINAH', 'BANDA ACEH', '85242412260', 'sanusipane95@gmail.com'),
(5, 771, '1171051701830000', 'RIZKY MAULANA', 'BANDA ACEH', '85250304885', 'sayukiori54@gmail.com'),
(6, 771, '1171022003720000', 'RIZA FERDIAN', 'BEUREUNUN', '85242729626', 'narisahabe21@gmail.com'),
(7, 771, '1171024602750000', 'NAZAR', 'MTG GLP II', '81241315859', 'samsulbahari706@gmail.com'),
(8, 771, '1171020112880000', 'MUSNI', 'LJOKSEUMAWE', '85241412332', 'kiranahusen18@gmail.com'),
(9, 771, '1171022007080000', 'MUHAMMAD INDRA PRAJA', 'BANDA ACEH', '81343850015', 'cintiauhuy@gmail.com'),
(10, 771, '1171021910390000', 'MUHAMMAD AQQIL', 'BANDA ACEH', '85275689226', 'sarafsehan33@gmail.com'),
(11, 771, '1171024403520000', 'SINUWARTA', 'BANDA ACEH', '81342005355', 'jehanjohan7@gmail.com'),
(12, 771, '1171021405920000', 'ENGELINA JIOE', 'JAKARTA', '85299999183', 'hambalan43@gmail.com'),
(13, 771, '1171021706600000', 'TAN SRI YULITO', 'MONTASIK', '81355170034', 'ramlansabri11@gmail.com'),
(14, 771, '1171026507960000', 'TARMIZI', 'BANDA ACEH', '85242412260', 'yantosutedjo12@gmail.com'),
(15, 771, '1171024501640000', 'TATI MAULIDYA', 'BANDA ACEH', '85250304885', 'sanusipane95@gmail.com'),
(16, 771, '1171026807870000', 'RODE KUSUMA', 'BANDA ACEH', '85242729626', 'sayukiori54@gmail.com'),
(17, 771, '1171022309980000', 'JULY MAYASARI', 'BANDA ACEH', '81241315859', 'narisahabe21@gmail.com'),
(18, 771, '1171024111000000', 'ZOUL FAHMI', 'BANDA ACEH', '85241412332', 'samsulbahari706@gmail.com'),
(19, 771, '1171020509090000', 'HASRI YAMI AMANDA', 'BANDA ACEH', '81343850015', 'kiranahusen18@gmail.com'),
(20, 771, '1171026410080000', 'FIRDAUS', 'TAKENGON', '85275689226', 'cintiauhuy@gmail.com'),
(21, 771, '1171021707890000', 'ANANDA MAHARA BENGI', 'BANDA ACEH', '81342005355', 'sarafsehan33@gmail.com'),
(22, 771, '1171020406890000', 'SAID AZHARI', 'BANDA ACEH', '85373967222', 'jehanjohan7@gmail.com'),
(23, 771, '1171020705730000', 'M MUYASSIR ALI', 'BIREUEN', '85299999183', 'hambalan43@gmail.com'),
(24, 771, '1171023112790010', 'FAISAL JAFAR', 'LHOKSEUMAWE', '81355170034', 'ramlansabri11@gmail.com'),
(25, 771, '1171020706880000', 'SULAIMAN R', 'MEUNASAH MEE', '85242412260', 'yantosutedjo12@gmail.com'),
(26, 771, '1171020602770000', 'AHMAD MAKKI', 'BANDA ACEH', '85250304885', 'sanusipane95@gmail.com'),
(27, 771, '1171023003840000', 'SOFAN FERDHIAN', 'LHOKSEUMAWE', '85242729626', 'sayukiori54@gmail.com'),
(28, 771, '1171024610870000', 'PHONNA SAPUTRA', 'MANGGAMAT', '81241315859', 'narisahabe21@gmail.com'),
(29, 771, '1171021202760000', 'JULAIDA', 'BANDA ACEH', '85241412332', 'samsulbahari706@gmail.com'),
(30, 771, '1171025105840000', 'RIVANDI PERMANA', 'BANDA ACEH', '81343850015', 'kiranahusen18@gmail.com'),
(31, 771, '1171020802820000', 'ICIA', 'PERKUBUAN', '85275689226', 'cintiauhuy@gmail.com'),
(32, 771, '3603310809880000', 'MULYANSYAH', 'BANDA ACEH ', '81342005355', 'sarafsehan33@gmail.com'),
(33, 771, '1171021502010000', 'DENI SAPUTRA', 'BANDA ACEH', '85299999183', 'jehanjohan7@gmail.com'),
(34, 771, '1171023012790000', 'ARIQ FATTAHILLAH', 'MATANG ARONGAN', '81355170034', 'hambalan43@gmail.com'),
(35, 771, '1171022603680000', 'SYAMSUDDIN', 'BANDA ACEH', '85242412260', 'akif10060@gmail.com'),
(36, 771, '1171027110100000', 'MUAMAR MAARUF', 'BANDA ACEH', '85250304885', 'aamalhasanah30@gmail.com'),
(37, 771, '1171024704880000', 'KEYSHA ANABILA', 'KRUENG KALEE', '85242729626', 'abdualim841@gmail.com'),
(38, 771, '1171020107870120', 'CUT ANIJAR', 'BANDA ACEH', '81241315859', 'abidah.daniah@gmail.com'),
(39, 771, '1171020107450060', 'NASRULLAH', 'SIGLI', '85241412332', 'abdulaiyy92@gmail.com'),
(40, 771, '1171025605100000', 'M YUSUF PUTEH', 'BANDA ACEH', '81343850015', 'khairiya.abidah@gmail.com'),
(41, 771, '1171024107780140', 'SYIFA FARZANA', 'TANGSE', '85275689226', 'amiabdul737@gmail.com'),
(42, 771, '1171021606580000', 'NURBAYA', 'MONTASIK', '81342005355', 'kanatour12@gmail.com'),
(43, 771, '1171026101910000', 'MUHAMMAD NUR', 'BANDA ACEH', '85373967222', 'ramlansabri11@gmail.com'),
(44, 771, '1171025408090000', 'DIAN UTARI', 'BANDA ACEH', '85299999183', 'yantosutedjo12@gmail.com'),
(45, 771, '1171026308060000', 'HANIFAH ZAHRA', 'BANDA ACEH', '81355170034', 'sanusipane95@gmail.com'),
(46, 771, '1171020507920000', 'NAYLA SALSABILLA', 'BANDA ACEH', '85242412260', 'sayukiori54@gmail.com'),
(47, 771, '1171024210030000', 'BULIZAR', 'TAKENGON', '85250304885', 'narisahabe21@gmail.com'),
(48, 771, '1171024107470040', 'AYU FADHILAH', 'MEUREUDU', '85242729626', 'samsulbahari706@gmail.com'),
(49, 771, '1171021403710000', 'SALMAH', 'BANDA ACEH', '81241315859', 'kiranahusen18@gmail.com'),
(50, 771, '1171020606680000', 'NAZARUDDIN', 'BIREUEN', '85241412332', 'cintiauhuy@gmail.com'),
(51, 771, '1171026703050000', 'AZHARI', 'BANDA ACEH', '81343850015', 'sarafsehan33@gmail.com'),
(52, 771, '1171025104740000', 'NAZLA ZAKIA RANIA', 'BANDA ACEH', '85275689226', 'jehanjohan7@gmail.com'),
(53, 771, '1171026909850000', 'NADIA', 'BANDA ACEH', '81342005355', 'hambalan43@gmail.com'),
(54, 771, '1171024608800000', 'DINA ARIANI', 'ACEH BESAR', '85299999183', 'ramlansabri11@gmail.com'),
(55, 771, '1171020107730150', 'NURAINI', 'MTG SIJUEK BARAT', '81355170034', 'yantosutedjo12@gmail.com'),
(56, 771, '1171025903730000', 'MASDI M JAMIL', 'SAMALANGA', '85242412260', 'sanusipane95@gmail.com'),
(57, 771, '1171020211870000', 'ELIYANI USMAN', 'BANDA ACEH', '85250304885', 'sayukiori54@gmail.com'),
(58, 771, '1171022505080000', 'ANDI SETIAWAN', 'MEULABOH ', '85242729626', 'narisahabe21@gmail.com'),
(59, 771, '1171027003700000', 'MOELID ALFARID', 'TANJUNG KARANG', '81241315859', 'samsulbahari706@gmail.com'),
(60, 771, '1171020702730000', 'IRA SETIAWATY SANTOSO', 'JAKARTA', '85241412332', 'kiranahusen18@gmail.com'),
(61, 771, '1171022011000000', 'MOCH KHADAFIE AL BAJRE', 'BINJAI', '81343850015', 'cintiauhuy@gmail.com'),
(62, 771, '1171025704070000', 'AGUNG HERDIAWAN', 'BANDA ACEH', '85275689226', 'sarafsehan33@gmail.com'),
(63, 771, '1171024308990000', 'DARA ARIFA RAHMATIKA', 'BANDA ACEH', '81342005355', 'jehanjohan7@gmail.com'),
(64, 771, '1171021212690000', 'RAMAN AGUSTIA NINGSIH', 'MEDAN', '85373967222', 'hambalan43@gmail.com'),
(65, 771, '1171026404740000', 'NAWI SIMATUPANG', 'PIDIE', '85299999183', 'ramlansabri11@gmail.com'),
(66, 771, '1171026211020000', 'ROMISNI', 'BANDA ACEH', '81355170034', 'yantosutedjo12@gmail.com'),
(67, 771, '1171021011620000', 'TINA NUZULUL RAHMAH', 'BANDA ACEH', '85242412260', 'sanusipane95@gmail.com'),
(68, 771, '1171025310070000', 'RAZALI', 'BANDA ACEH', '85250304885', 'sayukiori54@gmail.com'),
(69, 771, '1103030408790000', 'DELAILA CITRA', 'SABANG', '85242729626', 'narisahabe21@gmail.com'),
(70, 771, '1171026505890000', 'BASRI', 'BEUREUNEUN', '81241315859', 'samsulbahari706@gmail.com'),
(71, 771, '1171022603780010', 'FITRIANI', 'BANDA ACEH', '85241412332', 'kiranahusen18@gmail.com'),
(72, 771, '1103034711850000', 'JUNAIDI', 'IDI CUT', '81343850015', 'cintiauhuy@gmail.com'),
(73, 771, '1103030111060000', 'YUNI SARA', 'BLANG GEULUMPANG', '85275689226', 'sarafsehan33@gmail.com'),
(74, 771, '1171022608630000', 'MUHAMMAD AZHARI', 'BANDA ACEH', '81342005355', 'jehanjohan7@gmail.com'),
(75, 771, '1171021301870000', 'ZUHAIRUN', 'BANDA ACEH', '85299999183', 'hambalan43@gmail.com'),
(76, 771, '1171025410930000', 'ROBBI ZANUN BAKRI', 'BANDA ACEH', '81355170034', 'akif10060@gmail.com'),
(77, 771, '1171022910020000', 'RATIH PURWASIH', 'BANDA ACEH', '85242412260', 'aamalhasanah30@gmail.com'),
(78, 771, '1171023008710000', 'T M RIZKY REVIKANSYAH', 'BANDA ACEH', '85250304885', 'abdualim841@gmail.com'),
(79, 771, '1171022910010000', 'TAUFIK MULIA', 'JAMBI', '85242729626', 'abidah.daniah@gmail.com'),
(80, 771, '1171026108780000', 'MARWAN MULIA', 'MEDAN', '81241315859', 'abdulaiyy92@gmail.com'),
(81, 771, '1171026309620000', 'SUSANTI LUBIS', 'BANDA ACEH', '85241412332', 'khairiya.abidah@gmail.com'),
(82, 771, '1171025510890000', 'RASMAINI', 'BANDA ACEH', '81343850015', 'amiabdul737@gmail.com'),
(83, 771, '1171021803720000', 'SUSANTRI', 'BANDA ACEH', '85275689226', 'kanatour12@gmail.com'),
(84, 771, '1171026012710000', 'FAUZAL', 'BANDA ACEH', '81342005355', 'ramlansabri11@gmail.com'),
(85, 771, '1171020709040000', 'DARLINA', 'BANDA ACEH', '85373967222', 'yantosutedjo12@gmail.com'),
(86, 771, '1171020405770000', 'FATHAN', 'BIREUEN', '85299999183', 'sanusipane95@gmail.com'),
(87, 771, '1171025906790010', 'ISMUNIZAR', 'BANDA ACEH', '81355170034', 'sayukiori54@gmail.com'),
(88, 771, '1171023006050000', 'RAFIKA DONA', 'BANDA ACEH', '85242412260', 'narisahabe21@gmail.com'),
(89, 771, '1171023112680010', 'MUAMMAR ZAKI ISMUNA', 'KLATEN', '85250304885', 'samsulbahari706@gmail.com'),
(90, 771, '1171020509630000', 'NGADINO', 'BANDA ACEH', '85242729626', 'kiranahusen18@gmail.com'),
(91, 771, '1171026305650000', 'LAILI', 'BANDA ACEH', '81241315859', 'cintiauhuy@gmail.com'),
(92, 771, '1171025808920000', 'ARMANISAH', 'BANDA ACEH', '85241412332', 'sarafsehan33@gmail.com'),
(93, 771, '1171027007050000', 'YUNELDA ULFA', 'BANDA ACEH', '81343850015', 'jehanjohan7@gmail.com'),
(94, 771, '1171024101660000', 'SALSABILA HUSNA', 'BANDA ACEH', '85275689226', 'hambalan43@gmail.com'),
(95, 771, '1171026005960000', 'ERLINA FITRI', 'BANDA ACEH', '81342005355', 'ramlansabri11@gmail.com'),
(96, 771, '1171020709010000', 'RANY INDRIANI', 'BANDA ACEH', '85299999183', 'yantosutedjo12@gmail.com'),
(97, 771, '1171025703000000', 'MUHAMMAD ICHSAN', 'MEDAN', '81355170034', 'sanusipane95@gmail.com'),
(98, 771, '1171023007880000', 'YOSEPHINE LEONARDO', 'SIGLI', '85242412260', 'sayukiori54@gmail.com'),
(99, 771, '1171020502940000', 'ISWANDI', 'JAKARTA', '85250304885', 'narisahabe21@gmail.com'),
(100, 771, '1171024502960000', 'SAMUEL RUBIN', 'JAKARTA', '85242729626', 'samsulbahari706@gmail.com'),
(101, 771, '1171020911790000', 'VIVIAN RUBIN', 'MEULABOH', '81241315859', 'kiranahusen18@gmail.com'),
(102, 771, '1171025109040000', 'SUMITRO', 'TANGERANG', '85241412332', 'cintiauhuy@gmail.com'),
(103, 771, '1171022001870000', 'AFIFIA KHANZA', 'BANDA ACEH', '81343850015', 'sarafsehan33@gmail.com'),
(104, 771, '1171022410810000', 'DENI SETIAWAN', 'LHOKSEUMAWE', '85275689226', 'jehanjohan7@gmail.com'),
(105, 771, '1171025708840010', 'SISCA OLIVIA', 'MEUREUDU', '81342005355', 'hambalan43@gmail.com'),
(106, 771, '1171024906840000', 'AGUSTIANI SUSANTI', 'MEUREUDU', '85373967222', 'ramlansabri11@gmail.com'),
(107, 771, '1171026606880000', 'RAHMAYANTI', 'MEUREUDU', '85299999183', 'yantosutedjo12@gmail.com'),
(108, 771, '1171020704080000', 'NURLAILAWATI NINGSIH', 'STABAT', '81355170034', 'sanusipane95@gmail.com'),
(109, 771, '1171042704880000', 'MUHAMMAD ANGGER FAWWAZI H', 'LAM UJONG', '85242412260', 'sayukiori54@gmail.com'),
(110, 771, '1171022805060000', 'ZULFAHMI', 'BANDA ACEH', '85250304885', 'narisahabe21@gmail.com'),
(111, 771, '1171020501820000', 'MUHAMMAD LINDHU MATARAM', 'BANDA ACEH', '85242729626', 'samsulbahari706@gmail.com'),
(112, 771, '1171024804840000', 'YUSRIZAL SYAHPUTRA', 'SAMUTI RAYEUK', '81241315859', 'kiranahusen18@gmail.com'),
(113, 771, '1171026810830000', 'MARLINA', 'BANDA ACEH', '85241412332', 'cintiauhuy@gmail.com'),
(114, 771, '1171022110040000', 'LINCHA', 'BANDA ACEH', '81343850015', 'sarafsehan33@gmail.com'),
(115, 771, '1171020107610050', 'TEUKU FARIAN RAMADHANA', 'MATANG', '85275689226', 'jehanjohan7@gmail.com'),
(116, 771, '1171024303350000', 'ZAINUDDIN', 'BANDA ACEH', '81342005355', 'hambalan43@gmail.com'),
(117, 771, '1171020506790000', 'HAMIDAH', 'BANDA ACEH', '85299999183', 'akif10060@gmail.com'),
(118, 771, '1171023112030000', 'RIZKI AULIA', 'BANDA ACEH', '81355170034', 'aamalhasanah30@gmail.com'),
(119, 771, '1171026811810000', 'MICHAEL', 'BANDA ACEH', '85242412260', 'abdualim841@gmail.com'),
(120, 771, '1171021007450000', 'DIAN PATRA YANI', 'BANDA ACEH', '85250304885', 'abidah.daniah@gmail.com'),
(121, 771, '1171025009510000', 'RUFINUS', 'LANGSA', '85242729626', 'abdulaiyy92@gmail.com'),
(122, 771, '1171021111790000', 'TJEN SUN IN', 'BINJAI', '81241315859', 'khairiya.abidah@gmail.com'),
(123, 771, '1171026910850000', 'JIMMY', 'MEDAN', '85241412332', 'amiabdul737@gmail.com'),
(124, 771, '1171022810070000', 'INTAN PURNAMA SARI', 'MEDAN', '81343850015', 'kanatour12@gmail.com'),
(125, 771, '1171020107810200', 'ALFI IKHSAN PRATAMA', 'PEUSANGAN', '85275689226', 'ramlansabri11@gmail.com'),
(126, 771, '1171020404810000', 'HUSAINI NURDIN', 'SIGLI', '81342005355', 'yantosutedjo12@gmail.com'),
(127, 771, '1171022710740000', 'SYAULIMAN', 'MTG GEULUMPANG', '85373967222', 'sanusipane95@gmail.com'),
(128, 771, '1171025707780000', 'MUHAMMAD SAID', 'BEUREUNEUN', '85299999183', 'sayukiori54@gmail.com'),
(129, 771, '1171020701960000', 'MAIMUNAH', 'KUALA SIMPANG', '81355170034', 'narisahabe21@gmail.com'),
(130, 771, '1171022802010000', 'ROMY SUHANDHI', 'KUALA SIMPANG', '85242412260', 'samsulbahari706@gmail.com'),
(131, 771, '1171022711040000', 'FAUZI AMANDA', 'KUALA SIMPANG', '85250304885', 'kiranahusen18@gmail.com'),
(132, 771, '1171025101110000', 'RIZKI RAFSANJANI', 'BANDA ACEH', '85242729626', 'cintiauhuy@gmail.com'),
(133, 771, '1171081404490000', 'MICHELLE ABIGAIL', 'ACEH BARAT', '81241315859', 'sarafsehan33@gmail.com'),
(134, 771, '1171021910060000', 'M NUR AMIN', 'BANDA ACEH', '85241412332', 'jehanjohan7@gmail.com'),
(135, 771, '1171025409610000', 'TEUKU FASHA RAMADHANA', 'BANJARMASIN', '81343850015', 'hambalan43@gmail.com'),
(136, 771, '1171022806520000', 'NURUL HUDA', 'BANDA ACEH', '85275689226', 'ramlansabri11@gmail.com'),
(137, 771, '1171020101830020', 'FUADI', 'BANJARMASIN', '81342005355', 'yantosutedjo12@gmail.com'),
(138, 771, '1171026806950000', 'FAHREZA RIZKI SUBHAN', 'BANDA ACEH', '85299999183', 'sanusipane95@gmail.com'),
(139, 771, '1171020107860170', 'RAIHAN NABILA GEBRINA', 'BANDA ACEH', '81355170034', 'sayukiori54@gmail.com'),
(140, 771, '1171023009710000', 'HENDRA SYAHPUTRA', 'BANDA ACEH', '85242412260', 'narisahabe21@gmail.com'),
(141, 771, '1171020812720000', 'ZULFAITA', 'BANDA ACEH', '85250304885', 'samsulbahari706@gmail.com'),
(142, 771, '1171022402810000', 'RACHRUR RAZI', 'KULU', '85242729626', 'kiranahusen18@gmail.com'),
(143, 771, '1171024206520000', 'SAMSUL ANWAR', 'BANDA ACEH', '81241315859', 'cintiauhuy@gmail.com'),
(144, 771, '1171022601910000', 'MAISARAH', 'BANDA ACEH', '85241412332', 'sarafsehan33@gmail.com'),
(145, 771, '1171021711800000', 'RULLY SUQRAN MAULANA', 'BINJAI', '81343850015', 'jehanjohan7@gmail.com'),
(146, 771, '1171022012840000', 'JHONNY', 'KISARAN', '85275689226', 'hambalan43@gmail.com'),
(147, 771, '1171021407770000', 'LEGIMIN', 'GLUMPANG MINYEUK', '81342005355', 'ramlansabri11@gmail.com'),
(148, 771, '1171026203930000', 'NAZARULLAH', 'KUALA SIMPANG', '85373967222', 'yantosutedjo12@gmail.com'),
(149, 771, '1171025405950000', 'TIRA YUPA SUTARI', 'BANDA ACEH', '85299999183', 'sanusipane95@gmail.com'),
(150, 771, '1171025211970000', 'YANA INDAH PERTIWI', 'BANDA ACEH', '81355170034', 'sayukiori54@gmail.com'),
(151, 771, '1171025607090000', 'SUCI ANANDA', 'LUBUK PAKAM', '85242412260', 'narisahabe21@gmail.com'),
(152, 771, '1171022407050000', 'NAYRA JASMINE', 'BANDA ACEH', '85250304885', 'samsulbahari706@gmail.com'),
(153, 771, '1171020808100000', 'MARTUNIS', 'BANDA ACEH', '85242729626', 'kiranahusen18@gmail.com'),
(154, 771, '1171021206800000', 'SURYA RIVANO', 'LANGSA', '81241315859', 'cintiauhuy@gmail.com'),
(155, 771, '1171025201110000', 'SAIFUDDIN', 'BANDA ACEH ', '85241412332', 'sarafsehan33@gmail.com'),
(156, 771, '1171022208740000', 'ZAHRATUL SUKMA', 'MNS BEURINGIN', '81343850015', 'jehanjohan7@gmail.com'),
(157, 771, '1171024605070000', 'ZULFIKAR', 'BANDA ACEH', '85275689226', 'hambalan43@gmail.com'),
(158, 771, '1171026306820000', 'NADHILA LIYANA RASID', 'TRINGGADENG', '81342005355', 'akif10060@gmail.com'),
(159, 771, '1171026809850000', 'ROSDANI', 'MEULABOH', '85299999183', 'aamalhasanah30@gmail.com'),
(160, 771, '1171024410870000', 'ASMAWATI', 'MEULABOH', '81355170034', 'abdualim841@gmail.com'),
(161, 771, '1171024402720000', 'ANI MARDIANA', 'BLANGKEJEREN', '85242412260', 'abidah.daniah@gmail.com'),
(162, 771, '1171025402770000', 'MASYANI', 'BLANG COT', '85250304885', 'abdulaiyy92@gmail.com'),
(163, 771, '1171025109670000', 'EMYANTI', 'MEDAN', '85242729626', 'khairiya.abidah@gmail.com'),
(164, 771, '1171021403590000', 'SUMIYA', 'KLATEN', '81241315859', 'amiabdul737@gmail.com'),
(165, 771, '1171026103930000', 'SUROTO', 'MEDAN', '85241412332', 'kanatour12@gmail.com'),
(166, 771, '1171026202670000', 'CINDY', 'BOYOLALI', '81343850015', 'ramlansabri11@gmail.com'),
(167, 771, '1171025205930000', 'HARTUTI', 'KLATEN', '85275689226', 'yantosutedjo12@gmail.com'),
(168, 771, '1171020310870000', 'ELYKA NUR HANYFAH', 'MANGGENG', '81342005355', 'sanusipane95@gmail.com'),
(169, 771, '1171021911990000', 'ZULKIFLI', 'BANDA ACEH', '85373967222', 'sayukiori54@gmail.com'),
(170, 771, '1171026610030000', 'HAIKAL AKBAR', 'BANDA ACEH', '85299999183', 'narisahabe21@gmail.com'),
(171, 771, '1171021303830000', 'GEBRINA RIZKI', 'BANDA ACEH', '81355170034', 'samsulbahari706@gmail.com'),
(172, 771, '1171021805810000', 'MUHAMMADD FURQAN', 'BANDA ACEH', '85242412260', 'kiranahusen18@gmail.com'),
(173, 771, '1171024803780000', 'MEIRIANSYAH PUTRA', 'K BINJAI', '85250304885', 'cintiauhuy@gmail.com'),
(174, 771, '1171020707590000', 'EMIRA', 'BLANG BIRAH', '85242729626', 'sarafsehan33@gmail.com'),
(175, 771, '1171024202470000', 'TARMIZI', 'BANDA ACEH', '81241315859', 'jehanjohan7@gmail.com'),
(176, 771, '1171020101620010', 'WAN HERAWATI', 'MEUREUDU', '85241412332', 'hambalan43@gmail.com'),
(177, 771, '1171024910680000', 'ILYAS', 'BANDA ACEH', '81343850015', 'ramlansabri11@gmail.com'),
(178, 771, '1171024702900000', 'SAFRIANA', 'LHOKSEUMAWE', '85275689226', 'yantosutedjo12@gmail.com'),
(179, 771, '1171026603800000', 'RAHMI MAULIDA', 'LUENG DENEUN', '81342005355', 'sanusipane95@gmail.com'),
(180, 771, '1171027103850000', 'MARLIATI', 'SIGLI', '85299999183', 'sayukiori54@gmail.com'),
(181, 771, '1171025910780000', 'RAHMI ABU BAKAR', 'BANDUNG', '81355170034', 'narisahabe21@gmail.com'),
(182, 771, '1171021010790010', 'E OKTAVIANI SORAYA', 'SINABANG', '85242412260', 'samsulbahari706@gmail.com'),
(183, 771, '1171020101730000', 'HENDRA HERIANSYAH', 'BANDA ACEH', '85250304885', 'kiranahusen18@gmail.com'),
(184, 771, '1171021505530000', 'ALIMUNIR MUHAMMAD AMIN', 'BANDA ACEH', '85242729626', 'cintiauhuy@gmail.com'),
(185, 771, '1171022309510000', 'HASRUN WIRANA', 'BANDA ACEH', '81241315859', 'sarafsehan33@gmail.com'),
(186, 771, '1171021404030000', 'ONG MIAU SIN', 'BANDA ACEH', '85241412332', 'jehanjohan7@gmail.com'),
(187, 771, '1171045702890000', 'RAHMAT AULIA', 'MEULABOH', '81343850015', 'hambalan43@gmail.com'),
(188, 771, '1171021008780010', 'CUT HERMIZA SARI', 'BANDA ACEH', '85275689226', 'ramlansabri11@gmail.com'),
(189, 771, '1171024903810000', 'DEDI AZWIR', 'BANDA ACEH', '81342005355', 'yantosutedjo12@gmail.com'),
(190, 771, '1171021004760000', 'SITI RAHAMAH', 'BANDA ACEH', '85373967222', 'sanusipane95@gmail.com'),
(191, 771, '1171025404740000', 'MUKHLIS', 'BANDA ACEH', '85299999183', 'sayukiori54@gmail.com'),
(192, 771, '1171024801060000', 'ERNAWATI', 'BANDA ACEH', '81355170034', 'narisahabe21@gmail.com'),
(193, 771, '1171024101840000', 'ALYA ATHIFAH', 'SIGLI', '85242412260', 'samsulbahari706@gmail.com'),
(194, 771, '1171021705920000', 'SURIANA', 'SIGLI', '85250304885', 'kiranahusen18@gmail.com'),
(195, 771, '1171020106730000', 'M SAYUTI', 'SIGLI', '85242729626', 'cintiauhuy@gmail.com'),
(196, 771, '1171024212640000', 'SYAMSUDDIN', 'TAPAKTUAN', '81241315859', 'sarafsehan33@gmail.com'),
(197, 771, '1171024703890000', 'ISMANIAR', 'LABUHAN HAJI', '85241412332', 'jehanjohan7@gmail.com'),
(198, 771, '1171020212760000', 'DELVIDA DARMAN', 'MNS MANCANG', '81343850015', 'hambalan43@gmail.com'),
(199, 771, '1171020201050000', 'ZUL AZHAR', 'BANDA ACEH', '85275689226', 'akif10060@gmail.com'),
(200, 771, '1171021609360000', 'M IQBAL MAULANA', 'COT TENGOH', '81342005355', 'aamalhasanah30@gmail.com'),
(201, 771, '1171024408380000', 'ABD HAMID', 'BAMBI', '85299999183', 'abdualim841@gmail.com'),
(202, 771, '1171022103640000', 'SITI MARIAH', 'SIGLI', '81355170034', 'abidah.daniah@gmail.com'),
(203, 771, '1171025010630010', 'EDI AZHARI', 'BANDA ACEH', '85242412260', 'abdulaiyy92@gmail.com'),
(204, 771, '1171020401580000', 'NURMASITAH', 'MONTASIK', '85250304885', 'khairiya.abidah@gmail.com'),
(205, 771, '1171024104620000', 'ZULKIFLI', 'KUALA SIMPANG', '85242729626', 'amiabdul737@gmail.com'),
(206, 771, '1171021410680000', 'SAKDIAH', 'BAGOK', '81241315859', 'kanatour12@gmail.com'),
(207, 771, '1171020503060000', 'IRFAN', 'BANDA ACEH', '85241412332', 'ramlansabri11@gmail.com'),
(208, 771, '1171020301680000', 'RAIFUL HAQ', 'ACEH TIMUR', '81343850015', 'yantosutedjo12@gmail.com'),
(209, 771, '1171024912770000', 'HENDRY KOTO', 'JAKARTA', '85275689226', 'sanusipane95@gmail.com'),
(210, 771, '1171026607990000', 'SISKA', 'MEDAN', '81342005355', 'sayukiori54@gmail.com'),
(211, 771, '1171020212010000', 'RISQI ANDINI MEUTIA', 'MEDAN', '85373967222', 'narisahabe21@gmail.com'),
(212, 771, '1171025311670000', 'RAMADHANA MUHAMMAD DAFFA', 'PIDIE', '85299999183', 'samsulbahari706@gmail.com'),
(213, 771, '1171021801020000', 'TARBIATI', 'BANDA ACEH', '81355170034', 'kiranahusen18@gmail.com'),
(214, 771, '1171027112590020', 'ARIZIA FIRDAUS', 'KLATEN', '85242412260', 'cintiauhuy@gmail.com'),
(215, 771, '1171024203710000', 'BONIYEM', 'KLATEN', '85250304885', 'sarafsehan33@gmail.com'),
(216, 771, '1171022006800000', 'LUKMIATI', 'KLATEN', '85242729626', 'jehanjohan7@gmail.com'),
(217, 771, '1171020410070000', 'DODIK ARIPIN YANTO', 'PIDIE', '81241315859', 'hambalan43@gmail.com'),
(218, 771, '1171020301910000', 'RIZKI AULIA RAMADHAN', 'BANDA ACEH', '85241412332', 'ramlansabri11@gmail.com'),
(219, 771, '1171020412950000', 'JIMMI ZAMZAMI', 'BANDA ACEH', '81343850015', 'yantosutedjo12@gmail.com'),
(220, 771, '1171026512830000', 'AGUS GUNAWAN', 'BANDA ACEH', '85275689226', 'sanusipane95@gmail.com'),
(221, 771, '1171023103890000', 'EVA ZAINIUS WARTINI', 'JAKARTA', '81342005355', 'sayukiori54@gmail.com'),
(222, 771, '1171040509590000', 'RIDWANSYAH', 'TAKENGON', '85299999183', 'narisahabe21@gmail.com'),
(223, 771, '1171044108630000', 'RUSLI', 'SIGLI', '81355170034', 'samsulbahari706@gmail.com'),
(224, 771, '1171045804870000', 'KAMALIA', 'BANDA ACEH', '85242412260', 'kiranahusen18@gmail.com'),
(225, 771, '1171021706760000', 'ISMATHUT DINY', 'BLANG ADO', '85250304885', 'cintiauhuy@gmail.com'),
(226, 771, '1171024106060000', 'SAIFULLAH', 'BANDA ACEH', '85242729626', 'sarafsehan33@gmail.com'),
(227, 771, '1171025606980000', 'AYSKA ZAFIRAH', 'KRUENG BATU', '81241315859', 'jehanjohan7@gmail.com'),
(228, 771, '1171026912500000', 'NIRMA HIJJAH', 'MATANG', '85241412332', 'hambalan43@gmail.com'),
(229, 771, '1171024306860000', 'NURANTIAH', 'SIGLI', '81343850015', 'ramlansabri11@gmail.com'),
(230, 771, '1171024802810000', 'ASNIAR', 'LHOONG', '85275689226', 'yantosutedjo12@gmail.com'),
(231, 771, '1171025502020000', 'NURMALIA', 'BANDA ACEH', '81342005355', 'sanusipane95@gmail.com'),
(232, 771, '1171085204520000', 'SITI FATHIMAH AZZAHRA', 'BANDA ACEH', '85373967222', 'sayukiori54@gmail.com'),
(233, 771, '1171022108780000', 'SARDINAH', 'SINABANG', '85299999183', 'narisahabe21@gmail.com'),
(234, 771, '1171024203810000', 'DEDY NUSKHAN', 'PIDIE JAYA', '81355170034', 'samsulbahari706@gmail.com'),
(235, 771, '1171026406820000', 'IRMA SARI', 'BANDA ACEH', '85242412260', 'kiranahusen18@gmail.com'),
(236, 771, '1171022607490000', 'RAHMAYUNINGSIH', 'BANDA ACEH', '85250304885', 'cintiauhuy@gmail.com'),
(237, 771, '1171024108810000', 'BASRI', 'BIREUEN', '85242729626', 'sarafsehan33@gmail.com'),
(238, 771, '1171026906030000', 'BADRIAH', 'BIREUEN', '81241315859', 'jehanjohan7@gmail.com'),
(239, 771, '1171026109000000', 'DARA SARADIBA', 'BANDA ACEH', '85241412332', 'hambalan43@gmail.com'),
(240, 771, '1171022604680000', 'SALSABILA KARINA MUKHERJI', 'SIGLI', '81343850015', 'akif10060@gmail.com'),
(241, 771, '1171021104980000', 'HELMI HAMID', 'BANDA ACEH', '85275689226', 'aamalhasanah30@gmail.com'),
(242, 771, '1171026308010000', 'REISQY ANANDA PUTRA', 'BANDA ACEH', '81342005355', 'abdualim841@gmail.com'),
(243, 771, '1171020804700000', 'HILDA SYELVIE AZZUHRA THUSTURY', 'BANDA ACEH', '85299999183', 'abidah.daniah@gmail.com'),
(244, 771, '1171024702500000', 'BAKHTIAR', 'ACEH BESAR', '81355170034', 'abdulaiyy92@gmail.com'),
(245, 771, '1171024411800000', 'AINUL MARDHIAH', 'BANDA ACEH', '85242412260', 'khairiya.abidah@gmail.com'),
(246, 771, '1171026401060000', 'ELLY HASLINDA', 'BANDA ACEH', '85250304885', 'amiabdul737@gmail.com'),
(247, 771, '1171025606820000', 'SASKIA NABILA', 'MNS KULAM', '85242729626', 'kanatour12@gmail.com'),
(248, 771, '1171025205840000', 'CUT MUTIA EKAWATI', 'BANDA ACEH', '81241315859', 'ramlansabri11@gmail.com'),
(249, 771, '1171020107460020', 'MAYSARAH', 'SIGLI', '85241412332', 'yantosutedjo12@gmail.com'),
(250, 771, '1171024107550080', 'ABDULLAH', 'SIGLI', '81343850015', 'sanusipane95@gmail.com'),
(251, 771, '1171020603960000', 'NURHAYATI', 'BANDA ACEH', '85275689226', 'sayukiori54@gmail.com'),
(252, 771, '1171025008000000', 'MUHAMMAD HASHFI', 'BANDA ACEH', '81342005355', 'narisahabe21@gmail.com'),
(253, 771, '1171020510590000', 'PUTRI INAYA', 'M GEUDONG', '85373967222', 'samsulbahari706@gmail.com'),
(254, 771, '1171024507720000', 'ISKANDAR', 'DEUNONG', '85299999183', 'kiranahusen18@gmail.com'),
(255, 771, '1171022409770000', 'MUZAINAH', 'BANDA ACEH', '81355170034', 'cintiauhuy@gmail.com'),
(256, 771, '1171024707120000', 'RAHMATSYAH PUTRA ZULRI', 'BANDA ACEH', '85242412260', 'sarafsehan33@gmail.com'),
(257, 771, '1171021403720000', 'ALMIRA NAFISAH', 'BLANG ADO', '85250304885', 'jehanjohan7@gmail.com'),
(258, 771, '1171044811900000', 'MUNIRUDDIN', 'BANDA ACEH', '85242729626', 'hambalan43@gmail.com'),
(259, 771, '1171024404640000', 'INTAN PERMATA SARI', 'MEUREUDU', '81241315859', 'ramlansabri11@gmail.com'),
(260, 771, '1171022809050000', 'ERLINAWATI', 'BANDA ACEH', '85241412332', 'yantosutedjo12@gmail.com'),
(261, 771, '1171026808630000', 'MUHAMMAD SYAKI', 'JAKARTA', '81343850015', 'sanusipane95@gmail.com'),
(262, 771, '1171024705830000', 'HERLINA ROSITA', 'LHOKNGA', '85275689226', 'sayukiori54@gmail.com'),
(263, 771, '1171022907800000', 'IMELDA', 'BANDA ACEH', '81342005355', 'narisahabe21@gmail.com'),
(264, 771, '1171025102510000', 'RAHMAD SYAH', 'BANDA ACEH', '85299999183', 'samsulbahari706@gmail.com'),
(265, 771, '1171026508890000', 'CUT NYAK KESUMAWATI', 'TAPAKTUAN', '81355170034', 'kiranahusen18@gmail.com'),
(266, 771, '1171025510830000', 'SISKA PERMATA SARI', 'JAKARTA', '85242412260', 'cintiauhuy@gmail.com'),
(267, 771, '1171025910990000', 'LERIS KAMOLINA SARI', 'BANDA ACEH', '85250304885', 'sarafsehan33@gmail.com'),
(268, 771, '1171022404730000', 'ANNISA CHAIRINA LASA', 'BANDA ACEH', '85242729626', 'jehanjohan7@gmail.com'),
(269, 771, '1171022712600000', 'MIRZA KESUMA', 'LHOKSEUMAWE', '81241315859', 'hambalan43@gmail.com'),
(270, 771, '1171025210780000', 'RAJUDDIN', 'LHOKSUKON', '85241412332', 'ramlansabri11@gmail.com'),
(271, 771, '1171021308720000', 'FATIMAH', 'KLATEN', '81343850015', 'yantosutedjo12@gmail.com'),
(272, 771, '1171026512770000', 'NGATIMIN', 'KLATEN', '85275689226', 'sanusipane95@gmail.com'),
(273, 771, '1171020812050000', 'SUGIARTI', 'BANDA ACEH', '81342005355', 'sayukiori54@gmail.com'),
(274, 771, '1171021102870000', 'DEDY ISKANDAR', 'KLATEN', '85373967222', 'narisahabe21@gmail.com'),
(275, 771, '1171024403120000', 'GUNTUR RAHARJO', 'BANDA ACEH', '85299999183', 'samsulbahari706@gmail.com'),
(276, 771, '1171022610820000', 'FIORENZA LAYTAMA', 'JAKARTA', '81355170034', 'kiranahusen18@gmail.com'),
(277, 771, '1171021403780000', 'RULI HAFIDHAT', 'BANDA ACEH', '85242412260', 'cintiauhuy@gmail.com'),
(278, 771, '1171023003620000', 'MAULANA IKHSANSYAH', 'SEI RAMPAH', '85250304885', 'sarafsehan33@gmail.com'),
(279, 771, '1171024107670080', 'ILHAM', 'BANDA ACEH', '85242729626', 'jehanjohan7@gmail.com'),
(280, 771, '1171021207550000', 'MARTIANI', 'BANDA ACEH', '81241315859', 'hambalan43@gmail.com'),
(281, 771, '1171024507600000', 'ZAINAL ABIDIN', 'PARIAMAN', '85241412332', 'akif10060@gmail.com'),
(282, 771, '1171023003050000', 'SYAMSUARNI', 'SAMALANGA', '81343850015', 'aamalhasanah30@gmail.com'),
(283, 771, '1171026210660000', 'M AQLI', 'SOLO', '85275689226', 'abdualim841@gmail.com'),
(284, 771, '1171025109820000', 'RATMI', 'BIREUEN', '81342005355', 'abidah.daniah@gmail.com'),
(285, 771, '1171026110870000', 'MUTIAWATI', 'BIREUEN', '85299999183', 'abdulaiyy92@gmail.com'),
(286, 771, '1171025002890000', 'FARQADIYAH', 'BIREUEN', '81355170034', 'khairiya.abidah@gmail.com'),
(287, 771, '1171024505900000', 'ARISKA JUMAIDA', 'ACEH BESAR', '85242412260', 'amiabdul737@gmail.com'),
(288, 771, '1171022002970000', 'NURMAWATI', 'BANDA ACEH', '85250304885', 'kanatour12@gmail.com'),
(289, 771, '1171024107850130', 'MUHAMMAD RISKY', 'TEUPIN RAYA', '85242729626', 'ramlansabri11@gmail.com'),
(290, 771, '1171021701040000', 'NURHAYATI', 'BANDA ACEH', '81241315859', 'yantosutedjo12@gmail.com'),
(291, 771, '1171020310780000', 'MUHAMMAD HAIKAL', 'GEDUNG', '85241412332', 'sanusipane95@gmail.com'),
(292, 771, '1171026808020000', 'HUSNAN', 'BANDA ACEH', '81343850015', 'sayukiori54@gmail.com'),
(293, 771, '1171020302830000', 'BUDIADARI ZAHRATUL JANNAH', 'BLANG SEUMOT', '85275689226', 'narisahabe21@gmail.com'),
(294, 771, '1171022007060000', 'SOPIANTO', 'ACEH BESAR', '81342005355', 'samsulbahari706@gmail.com'),
(295, 771, '1171020911830000', 'T SYAHREZA MUFTI', 'TAPAKTUAN', '85373967222', 'kiranahusen18@gmail.com'),
(296, 771, '1171021010800010', 'HERU FAHLEVI', 'GLP TUTONG', '85299999183', 'cintiauhuy@gmail.com'),
(297, 771, '1118012901840000', 'MURHALIM', 'MNS. LHOK', '81355170034', 'sarafsehan33@gmail.com'),
(298, 771, '1171020406740000', 'MURTADHA', 'BANDA ACEH', '85242412260', 'jehanjohan7@gmail.com'),
(299, 771, '1171024602860000', 'BUKHARI MUSLIM', 'LONCOK ', '85250304885', 'hambalan43@gmail.com'),
(300, 771, '1171025501650000', 'FITRIANI', 'BANDA ACEH', '85242729626', 'ramlansabri11@gmail.com'),
(301, 771, '1171021811600000', 'LINA', 'ACEH BESAR', '81241315859', 'yantosutedjo12@gmail.com'),
(302, 771, '1171021409460000', 'M. AMUDDIN', 'PEUREULAK', '85241412332', 'sanusipane95@gmail.com'),
(303, 771, '1171020612890000', 'ZULKARNAIN BINA', 'BANDA ACEH', '81343850015', 'sayukiori54@gmail.com'),
(304, 771, '1171024507530000', 'RAHMATULLAH HAIKAL A P', 'BANDA ACEH', '85275689226', 'narisahabe21@gmail.com'),
(305, 771, '1171022009830000', 'CUT DAHLIA', 'ACEH BESAR', '81342005355', 'samsulbahari706@gmail.com'),
(306, 771, '1171021707900000', 'M FAHMI ALI', 'ACEH BESAR', '85299999183', 'kiranahusen18@gmail.com'),
(307, 771, '1171026305640000', 'TAUFIK', 'TAKENGON', '81355170034', 'cintiauhuy@gmail.com'),
(308, 771, '1171021908820010', 'NURSIAH', 'GUNUNG KATARAN', '85242412260', 'sarafsehan33@gmail.com'),
(309, 771, '1171025204620000', 'SUTOYO YUSUF', 'BANDA ACEH', '85250304885', 'jehanjohan7@gmail.com'),
(310, 771, '1171020606950000', 'CHALIDAR', 'BANDA ACEH', '85242729626', 'hambalan43@gmail.com'),
(311, 771, '1171024203000000', 'M REZA FAHLEFI', 'BANDA ACEH', '81241315859', 'ramlansabri11@gmail.com'),
(312, 771, '1171026702980000', 'SITTI NUR ELIZA', 'BANDA ACEH', '85241412332', 'yantosutedjo12@gmail.com'),
(313, 771, '1171025404800000', 'NAZRA HUMAIRA', 'BEUREUNUN', '81343850015', 'sanusipane95@gmail.com'),
(314, 771, '1171026508890000', 'FITRIA', 'MEDAN', '85275689226', 'sayukiori54@gmail.com'),
(315, 771, '1171025309410000', 'SYLVIA AGUSTINA', 'BANDA ACEH', '81342005355', 'narisahabe21@gmail.com'),
(316, 771, '1171025112720000', 'NONA LILY', 'SIGLI', '85373967222', 'samsulbahari706@gmail.com'),
(317, 771, '1171026410970000', 'RUHAMAH M SALEH', 'TAKENGON', '85299999183', 'kiranahusen18@gmail.com'),
(318, 771, '1171025410800000', 'PUTRI BELANGI NEATI', 'MEDAN', '81355170034', 'cintiauhuy@gmail.com'),
(319, 771, '1171020404630000', 'AJENG DISTA MEDIANI', 'SAMALANGA', '85242412260', 'sarafsehan33@gmail.com'),
(320, 771, '1171024806640000', 'SOEN KWET', 'BANDA ACEH', '85250304885', 'jehanjohan7@gmail.com'),
(321, 771, '1171023107840010', 'OEI LIAN NJUK', 'MTG SJEUK BARAT', '85242729626', 'hambalan43@gmail.com'),
(322, 771, '1171020809800000', 'AMRI ISMAIL', 'BEURINGEN', '81241315859', 'akif10060@gmail.com'),
(323, 771, '1171020407800000', 'EDI SAPUTRA', 'MEDAN', '85241412332', 'aamalhasanah30@gmail.com'),
(324, 771, '1171026002060000', 'MUHAMMAD IQBAL HARAHAP', 'BANDA ACEH', '81343850015', 'abdualim841@gmail.com'),
(325, 771, '1171020709100000', 'PUTRI SALZABILA', 'BANDA ACEH', '85275689226', 'abidah.daniah@gmail.com'),
(326, 771, '1171020102680000', 'M.RAFA HALIM RAMADHAN', 'BAYU', '81342005355', 'abdulaiyy92@gmail.com'),
(327, 771, '1171025310700000', 'MUHAMMAD JAMIL', 'BANDA ACEH', '85299999183', 'khairiya.abidah@gmail.com'),
(328, 771, '1171021507020000', 'SRI ERLINA', 'BANDA ACEH', '81355170034', 'amiabdul737@gmail.com'),
(329, 771, '1171041104890000', 'MUHAMMAD HAIKAL', 'BANDA ACEH', '85242412260', 'kanatour12@gmail.com'),
(330, 771, '1171045111920000', 'MUHAMMAD IQBAL', 'BANDA ACEH', '85250304885', 'ramlansabri11@gmail.com'),
(331, 771, '1171046504950000', 'USWATUN HASANAH', 'SUGAI TARAB SUMBAR', '85242729626', 'yantosutedjo12@gmail.com'),
(332, 771, '1171020607620000', 'ZAHARA', 'SUMBAR', '81241315859', 'sanusipane95@gmail.com'),
(333, 771, '1171025207780000', 'HARDIANTO', 'ACEH SELATAN', '85241412332', 'sayukiori54@gmail.com'),
(334, 771, '1171021605750000', 'MERI SARLINDA', 'BERINGIN DELI SERDANG', '81343850015', 'narisahabe21@gmail.com'),
(335, 771, '1171026806200000', 'MUHAMMAD ISMUALI N', 'BANDA ACEH', '85275689226', 'samsulbahari706@gmail.com'),
(336, 771, '1171025806440000', 'LIAN JOEK SIOE', 'BANDA ACEH', '81342005355', 'kiranahusen18@gmail.com'),
(337, 771, '1171020812500000', 'TJIA LIE KOET', 'BANDA ACEH', '85373967222', 'cintiauhuy@gmail.com'),
(338, 771, '1171025107090000', 'TJIA LIE KHIN', 'LANGSA', '85299999183', 'sarafsehan33@gmail.com'),
(339, 771, '1171022903780000', 'MAIZA SYIFA ADIBAH. N', 'LAMREUNG', '81355170034', 'jehanjohan7@gmail.com'),
(340, 771, '1171020101970000', 'BURHANUDDIN', 'BANDA ACEH', '85242412260', 'hambalan43@gmail.com'),
(341, 771, '1171026512730000', 'WILLIAM', 'BANDA ACEH', '85250304885', 'ramlansabri11@gmail.com'),
(342, 771, '1171020107960020', 'IRAYANA', 'BANDA ACEH', '85242729626', 'yantosutedjo12@gmail.com'),
(343, 771, '1171022304070000', 'AFRIZAL SYAHPUTRA', 'BIREUEN', '81241315859', 'sanusipane95@gmail.com'),
(344, 771, '1171022601870000', 'TAZKY ARRAHMAN', 'SAMALANGA', '85241412332', 'sayukiori54@gmail.com'),
(345, 771, '1105095203890000', 'MUKSALMINA', 'NIGAN ', '81343850015', 'narisahabe21@gmail.com'),
(346, 771, '1171024105060000', 'SALMIRA MARLINDA', 'BANDA ACEH', '85275689226', 'samsulbahari706@gmail.com'),
(347, 771, '1171024107350040', 'MAIDA NABILLA RISHI', 'BANDA ACEH', '81342005355', 'kiranahusen18@gmail.com'),
(348, 771, '1171021405810000', 'KHATIJAH', 'SAMALANGA', '85299999183', 'cintiauhuy@gmail.com'),
(349, 771, '1171026809780000', 'MUSLEM', 'BANDA ACEH', '81355170034', 'sarafsehan33@gmail.com'),
(350, 771, '1171026002990000', 'HARLINI', 'BANDA ACEH', '85242412260', 'jehanjohan7@gmail.com'),
(351, 771, '1171021402740000', 'WIRDA FEBRIA PUTRI', 'BANDA ACEH', '85250304885', 'hambalan43@gmail.com'),
(352, 771, '1171025401000000', 'TONI', 'BANDA ACEH', '85242729626', 'ramlansabri11@gmail.com'),
(353, 771, '1171021705030000', 'VERENNITA', 'BANDA ACEH', '81241315859', 'yantosutedjo12@gmail.com'),
(354, 771, '1171024311110000', 'ENRICO VIAN LU', 'BANDA ACEH', '85241412332', 'sanusipane95@gmail.com'),
(355, 771, '1171024901130000', 'DINA NOVITA', 'BANDA ACEH', '81343850015', 'sayukiori54@gmail.com'),
(356, 777, '', 'haha1', '', '3989283923', 'admin342@microsoft.net'),
(357, 777, '', 'haha1', '', '3989283923', 'admin342@microsoft.net'),
(358, 777, '', 'haha1', '', '3989283923', 'admin342@microsoft.net'),
(359, 777, '', 'haha1', '', '3989283923', 'admin342@microsoft.net'),
(360, 777, '', 'haha1', '', '3989283923', 'admin342@microsoft.net'),
(361, 777, '', 'haha1', '', '3989283923', 'admin342@microsoft.net'),
(362, 777, '', 'haha1', '', '3989283923', 'admin342@microsoft.net'),
(363, 777, '', 'haha1', '', '3989283923', 'admin342@microsoft.net'),
(364, 777, '', 'haha1', '', '3989283923', 'admin342@microsoft.net'),
(365, 777, '', 'haha1', '', '3989283923', 'admin342@microsoft.net'),
(366, 777, '', 'haha1', '', '3989283923', 'admin342@microsoft.net'),
(367, 777, '', 'haha1', '', '3989283923', 'admin342@microsoft.net'),
(368, 777, '', 'sada', '', 'sadasd', 'andridarnius@gmail.com'),
(369, 777, '', 'haha1', '', '3989283923', 'andridarnius@gmail.com'),
(370, 777, '', 'qwerw', '', 'ewrwer', 'andridarnius@gmail.com'),
(371, 777, '', 'qwerw', '', 'ewrwer', 'andridarnius@gmail.com');

-- --------------------------------------------------------

--
-- Table structure for table `detail_tiket`
--

CREATE TABLE `detail_tiket` (
  `id` int(255) NOT NULL,
  `id_tiket` int(255) NOT NULL,
  `jenis_penumpang` int(5) NOT NULL,
  `hrg_tiket` varchar(255) NOT NULL
) ENGINE=InnoDB DEFAULT CHARSET=latin1;

-- --------------------------------------------------------

--
-- Table structure for table `detail_transaksi`
--

CREATE TABLE `detail_transaksi` (
  `id` int(11) NOT NULL,
  `id_tiket` int(11) NOT NULL,
  `id_transaksi` int(11) NOT NULL,
  `hrg_tiket` bigint(20) NOT NULL
) ENGINE=InnoDB DEFAULT CHARSET=latin1;

--
-- Dumping data for table `detail_transaksi`
--

INSERT INTO `detail_transaksi` (`id`, `id_tiket`, `id_transaksi`, `hrg_tiket`) VALUES
(1, 5, 1, 990000),
(2, 5, 2, 990000),
(3, 4, 3, 890000),
(4, 4, 4, 890000);

-- --------------------------------------------------------

--
-- Table structure for table `groups`
--

CREATE TABLE `groups` (
  `id` mediumint(8) UNSIGNED NOT NULL,
  `name` varchar(20) NOT NULL,
  `description` varchar(100) NOT NULL
) ENGINE=InnoDB DEFAULT CHARSET=utf8;

--
-- Dumping data for table `groups`
--

INSERT INTO `groups` (`id`, `name`, `description`) VALUES
(1, 'admin', 'Administrator'),
(2, 'operator', ''),
(3, 'umum', 'umum');

-- --------------------------------------------------------

--
-- Table structure for table `groups_menus`
--

CREATE TABLE `groups_menus` (
  `id` int(10) UNSIGNED NOT NULL,
  `group_id` mediumint(8) UNSIGNED NOT NULL,
  `menu_id` int(10) UNSIGNED NOT NULL,
  `akses` tinyint(1) UNSIGNED DEFAULT '1',
  `tambah` tinyint(1) UNSIGNED DEFAULT '0',
  `ubah` tinyint(1) UNSIGNED DEFAULT '0',
  `hapus` tinyint(1) UNSIGNED DEFAULT '0'
) ENGINE=MyISAM DEFAULT CHARSET=utf8;

--
-- Dumping data for table `groups_menus`
--

INSERT INTO `groups_menus` (`id`, `group_id`, `menu_id`, `akses`, `tambah`, `ubah`, `hapus`) VALUES
(1, 1, 4, 1, 1, 1, 1),
(2, 1, 2, 1, 1, 1, 1),
(3, 1, 3, 1, 1, 1, 1),
(4, 1, 5, 1, 1, 1, 1),
(5, 1, 6, 1, 1, 1, 1),
(6, 1, 11, 1, 1, 1, 1),
(7, 1, 1, 1, 1, 1, 1),
(10, 1, 22, 1, 1, 1, 1),
(13, 1, 25, 1, 1, 1, 1),
(68, 1, 42, 1, 1, 1, 1),
(76, 1, 49, 1, 1, 1, 1),
(75, 1, 51, 1, 1, 1, 1),
(77, 1, 50, 1, 1, 1, 1),
(64, 1, 39, 1, 1, 1, 1),
(78, 1, 52, 1, 1, 1, 1),
(79, 1, 53, 1, 1, 1, 1),
(74, 1, 48, 1, 1, 1, 1),
(80, 1, 54, 1, 1, 1, 1),
(81, 1, 55, 1, 1, 1, 1),
(82, 1, 56, 1, 1, 1, 1),
(83, 2, 25, 1, 1, 1, 1),
(84, 2, 51, 1, 0, 0, 0),
(85, 2, 39, 1, 1, 1, 1),
(86, 2, 42, 1, 0, 0, 0),
(88, 2, 53, 1, 1, 1, 1),
(89, 2, 54, 1, 1, 1, 1),
(90, 2, 55, 1, 1, 1, 1),
(91, 2, 1, 1, 1, 1, 1),
(92, 2, 6, 1, 0, 0, 0);

-- --------------------------------------------------------

--
-- Table structure for table `jenis_penumpang`
--

CREATE TABLE `jenis_penumpang` (
  `id` int(5) NOT NULL,
  `nama` varchar(255) NOT NULL,
  `deskripsi` text NOT NULL
) ENGINE=InnoDB DEFAULT CHARSET=latin1;

--
-- Dumping data for table `jenis_penumpang`
--

INSERT INTO `jenis_penumpang` (`id`, `nama`, `deskripsi`) VALUES
(1, 'Dewasa', 'Usia 12+'),
(2, 'Bayi', 'Di bawah 2');

-- --------------------------------------------------------

--
-- Table structure for table `keys`
--

CREATE TABLE `keys` (
  `id` int(11) NOT NULL,
  `key` varchar(40) NOT NULL,
  `level` int(2) NOT NULL,
  `ignore_limits` tinyint(1) NOT NULL DEFAULT '0',
  `date_created` int(11) NOT NULL
) ENGINE=InnoDB DEFAULT CHARSET=utf8;

-- --------------------------------------------------------

--
-- Table structure for table `konfirmasi_pembayaran`
--

CREATE TABLE `konfirmasi_pembayaran` (
  `id` int(11) NOT NULL,
  `bank_tujuan` varchar(50) NOT NULL,
  `bank_anda` varchar(100) NOT NULL,
  `atas_nama` varchar(100) NOT NULL,
  `metode` varchar(100) NOT NULL,
  `tgl_tranfers` date NOT NULL,
  `nominal` varchar(100) NOT NULL,
  `id_transaksi` int(50) NOT NULL
) ENGINE=InnoDB DEFAULT CHARSET=latin1;

--
-- Dumping data for table `konfirmasi_pembayaran`
--

INSERT INTO `konfirmasi_pembayaran` (`id`, `bank_tujuan`, `bank_anda`, `atas_nama`, `metode`, `tgl_tranfers`, `nominal`, `id_transaksi`) VALUES
(1, '123322131231', 'BCA', 'sadfsdfsdf', 'ATM', '2018-08-25', '1980000', 1),
(2, '123322131231', 'BCA', 'sadfsdfsdf', 'ATM', '2018-08-22', '1980000', 2);

-- --------------------------------------------------------

--
-- Table structure for table `kota`
--

CREATE TABLE `kota` (
  `id` int(15) NOT NULL,
  `nm_kota` varchar(50) NOT NULL,
  `id_prov` int(15) NOT NULL
) ENGINE=InnoDB DEFAULT CHARSET=latin1;

--
-- Dumping data for table `kota`
--

INSERT INTO `kota` (`id`, `nm_kota`, `id_prov`) VALUES
(1, 'Banda Aceh', 1),
(2, 'Sepang', 2);

-- --------------------------------------------------------

--
-- Table structure for table `login_attempts`
--

CREATE TABLE `login_attempts` (
  `id` int(11) UNSIGNED NOT NULL,
  `ip_address` varchar(15) NOT NULL,
  `login` varchar(100) NOT NULL,
  `time` int(11) UNSIGNED DEFAULT NULL
) ENGINE=InnoDB DEFAULT CHARSET=utf8;

-- --------------------------------------------------------

--
-- Table structure for table `logs`
--

CREATE TABLE `logs` (
  `id` int(11) NOT NULL,
  `uri` varchar(255) NOT NULL,
  `method` varchar(6) NOT NULL,
  `params` text,
  `api_key` varchar(40) NOT NULL,
  `ip_address` varchar(45) NOT NULL,
  `time` int(11) NOT NULL,
  `rtime` float DEFAULT NULL,
  `authorized` varchar(1) NOT NULL,
  `response_code` smallint(3) DEFAULT '0'
) ENGINE=MyISAM DEFAULT CHARSET=latin1;

-- --------------------------------------------------------

--
-- Table structure for table `menus`
--

CREATE TABLE `menus` (
  `id` int(10) UNSIGNED NOT NULL COMMENT 'this is ID for menus',
  `parent_id` int(10) UNSIGNED DEFAULT '0',
  `path` varchar(255) NOT NULL,
  `name` varchar(255) NOT NULL,
  `icon` varchar(255) DEFAULT 'glyphicon glyphicon-tasks',
  `list_order` int(3) DEFAULT '0',
  `remark` text,
  `flag` enum('draft','publish') DEFAULT 'draft'
) ENGINE=MyISAM DEFAULT CHARSET=utf8;

--
-- Dumping data for table `menus`
--

INSERT INTO `menus` (`id`, `parent_id`, `path`, `name`, `icon`, `list_order`, `remark`, `flag`) VALUES
(1, 0, '#', 'SETTINGS', 'fa fa-cogs', 18, 'Auth. Control List', 'publish'),
(2, 1, 'acl/orgs/', 'MITRA', 'fa fa-university', 2, 'Organisations', 'publish'),
(3, 1, 'acl/groups/', 'GROUPS', 'fa fa-tags', 3, 'Groups Authentifications', 'publish'),
(4, 1, 'acl/groups_menu/', 'GROUPS MENUS', 'fa fa-list-alt', 4, 'Groups Menus', 'publish'),
(5, 1, 'acl/menus/', 'MENUS', 'fa fa-list', 5, 'Menus', 'publish'),
(6, 1, 'acl/users/', 'USERS', 'fa fa-users', 6, 'Users Application', 'publish'),
(11, 1, 'acl/config/', 'CONFIG', 'fa fa-cog', 7, 'Main Configuration App', 'publish'),
(22, 0, 'lookbook/report/', 'LAPORAN', 'fa fa-area-chart', 11, '', 'publish'),
(25, 0, 'dashboard/', 'DASHBOARD', 'fa fa-dashboard', 8, 'Panel Dashboard', 'publish'),
(39, 0, '#', 'PEMBELI', 'fa fa-group', 9, '', 'publish'),
(42, 39, 'pembeli/', 'DATA PEMBELI', 'fa fa-database', 13, '', 'publish'),
(51, 0, 'tiket/', 'TIKET PESAWAT', 'fa fa-fighter-jet', 10, '', 'publish'),
(49, 48, 'bandara/', 'BANDARA', 'fa fa-arrows-alt', 9, '', 'publish'),
(43, 42, 'laporan/', 'Laporan Pangkalan', 'fa fa-file-pdf-o', 15, 'Laporan', 'publish'),
(53, 0, 'transaksi/', 'TRANSAKSI', 'fa fa-cart-plus', 11, '', 'publish'),
(48, 0, '#', 'DATA MASTER', 'fa fa-align-justify', 16, '', 'publish'),
(54, 53, 'transaksi/', 'DATA TRANSAKSI', 'fa fa-angle-right', 0, '', 'publish'),
(55, 53, 'transaksi/konfirmasi/', 'KONFIRMASI PEMBAYARAN', 'fa fa-bitbucket', 10, '', 'publish'),
(56, 48, 'kas/', 'KAS', 'fa fa-dollar', 11, '', 'publish');

-- --------------------------------------------------------

--
-- Table structure for table `mitra`
--

CREATE TABLE `mitra` (
  `id_mitra` int(12) NOT NULL,
  `no_izin` int(25) NOT NULL,
  `nama_mitra` varchar(100) NOT NULL,
  `alamat_mitra` varchar(100) NOT NULL,
  `telp_mitra` varchar(20) NOT NULL,
  `email_mitra` varchar(30) NOT NULL,
  `miname` varchar(50) NOT NULL,
  `mipass` varchar(100) NOT NULL,
  `created` datetime NOT NULL
) ENGINE=InnoDB DEFAULT CHARSET=latin1;

--
-- Dumping data for table `mitra`
--

INSERT INTO `mitra` (`id_mitra`, `no_izin`, `nama_mitra`, `alamat_mitra`, `telp_mitra`, `email_mitra`, `miname`, `mipass`, `created`) VALUES
(1, 0, 'Ubudiyah Travel', 'Jln. Alue Naga, Desa Tibang, Kec. Syiahkuala-Banda Acceh', '(0651) - 7555750', '', 'ubtravel', '$2y$10$HiQWseKPjJZ0TIsOB.pb8OvO.dz1KQid3ymYr75P8p3M9BrAJTF4S', '2018-05-02 10:00:00'),
(2, 1, 'Asra Prima', 'Sri Ratu Syafiatuddin No. 7 Peunayong, Banda Aceh', '(0651) 35226', 'alfisyahril64@gmail.com', 'asraprima', '$2y$10$C7VbCBxMXwB/6jMXo4uJ9uuJFpnpNg6.NJlw1n03VCzwTnieEMl0y', '2018-05-09 14:48:10'),
(3, 2, 'PT Cendana Tour & Travel', 'Jl. T. Hasan Dek No. 31 Kec. Kuta Alam, Banda Aceh', '0811681031', 'cendanatour@yahoo.co.id', 'cendanatravel', '$2y$10$RBulSMosYoV/QMvozGoqjO/FKTcMKFUUKo77eiQPuJKhvBAd9KMKK', '2018-05-09 14:52:52'),
(4, 3, 'Tara Travel', 'Jl. Sri Ratu Syafiatuddin No. 38 Peunayong, Banda Aceh', '082365516551', 'taratravel07@yahoo.com', 'idtara05', '$2y$10$zfhokxPvWU7llos5WStm0uy4fyueBuCL//DGSTKNlcADpJ9WSbiyS', '2018-05-09 14:55:26'),
(5, 4, 'PT Kana Tour & Travel', 'Jl. Sri Ratu Safiatuddin No.5 Peunayong, Banda Aceh', '(0651) 635700', 'kanatour_nad@yahoo.com', 'kanatour', '$2y$10$UBWicxKKLzyOoED55XyHheNtEJ5DLb4cFwxGsGOYGc7X.62IcOfda', '2018-05-09 14:58:08'),
(6, 5, 'Dzaki Tour & Travel', 'Jl. T. Hasan Dek No. 232 Jambo Tape, Banda Aceh', '085260085299', '-', 'dzakitravel', '$2y$10$Rg0nqZ8e09NSHZa/sW/CE.4NPUuuhdop5SgfrDFl4aKPYDtSAIwja', '2018-05-09 15:00:25'),
(7, 6, 'PT Yalamlam Wisata', 'Jl. Tgk. Imuem Lueng Bata No. 01 Lamseupeung, Banda Aceh', '08116809033', 'deasy_deasy2002@yahoo.com', 'yalamlam', '$2y$10$rAr5dUUHiedj.mytCxAyAO8tzgud2xWHyfUJDuowHFvXizvXvLao2', '2018-05-09 15:02:58'),
(8, 7, 'PT Nuansa Tour & Travel', 'Jl. Tgk. Chik Ditiro No. 99 Simpang Surabaya, Banda Aceh', '(0651) 23480', 'nuansawisatanusa@yahoo.co.id', 'nuansatravel', '$2y$10$e8qFxchf6KOCfsF64rOYSezaAbMByJbZwhAubNY.Tlo4AerzT/FJS', '2018-05-09 15:06:17'),
(9, 8, 'PT Alam Tari Tour & Travel', 'Jl. T. Iskandar No. 20 Beurawe, Banda Aceh', '08126957000', 'alamtari70@gmail.com', 'alamtari', '$2y$10$x1tZW9zENUu4/Nwnh40/ZO4LgXlSHTHTz9dgo5a.esrcCF03.cOAK', '2018-05-09 15:11:50'),
(10, 9, 'PT Mangat Usaha Wisata', 'Jl. Cut Nyak Dhien No. 511 Lamteumen Timur, Banda Aceh', '(0651) 47259', 'muholiday2013@gmail.com', 'muwisata', '$2y$10$uxzi42avRQzPRoh.Xcqr8.k3zJ5xtiBbOqE/HW3q/VgezseLxtC4G', '2018-05-09 15:14:07');

-- --------------------------------------------------------

--
-- Table structure for table `m_config`
--

CREATE TABLE `m_config` (
  `id` tinyint(3) UNSIGNED NOT NULL,
  `config_var` text NOT NULL,
  `config_val` text NOT NULL,
  `config_group` varchar(255) DEFAULT NULL,
  `config_type` varchar(255) DEFAULT 'text'
) ENGINE=MyISAM DEFAULT CHARSET=utf8;

--
-- Dumping data for table `m_config`
--

INSERT INTO `m_config` (`id`, `config_var`, `config_val`, `config_group`, `config_type`) VALUES
(27, 'APP_NAME_LOGO', '-', 'GENERAL', 'text'),
(9, 'NAME', 'PT. Ubudiyah Aviation Indonesia', 'OFFICE', 'text'),
(10, 'ADDRESS', 'Banda Aceh -Indonesia', 'OFFICE', 'text'),
(11, 'PHONE', '', 'OFFICE', 'text'),
(12, 'FAX', '', 'OFFICE', 'text'),
(13, 'CITY', 'Banda Aceh', 'OFFICE', 'text'),
(14, 'POST_CODE', '23115', 'OFFICE', 'text'),
(15, 'MAIL', '', 'OFFICE', 'text'),
(16, 'URL', '-', 'OFFICE', 'text'),
(28, 'DISCLAIMER', '', 'GENERAL', 'text'),
(23, 'PENGUMUMAN', '', 'GENERAL', 'text'),
(24, 'APP_NAME', 'Travel Ubudiyah', 'GENERAL', 'text'),
(25, 'APP_NAME_LONG', '', 'GENERAL', 'text'),
(26, 'APP_NAME_CITY', 'Banda Aceh', 'GENERAL', 'text'),
(29, 'VERSION', '', 'GENERAL', 'text'),
(30, 'APP_NAME_ICON', 'fa fa-newspaper-o', 'GENERAL', 'text');

-- --------------------------------------------------------

--
-- Table structure for table `negara`
--

CREATE TABLE `negara` (
  `id` int(11) NOT NULL,
  `name` varchar(50) NOT NULL
) ENGINE=InnoDB DEFAULT CHARSET=latin1;

--
-- Dumping data for table `negara`
--

INSERT INTO `negara` (`id`, `name`) VALUES
(1, 'Indonesia'),
(2, 'Malaysia');

-- --------------------------------------------------------

--
-- Table structure for table `orgs`
--

CREATE TABLE `orgs` (
  `id` mediumint(8) UNSIGNED NOT NULL COMMENT 'ID',
  `parent_id` mediumint(8) UNSIGNED NOT NULL COMMENT 'PID',
  `parent_name` varchar(255) DEFAULT NULL,
  `name` tinytext NOT NULL COMMENT 'Nama Org',
  `no_reg` varchar(50) NOT NULL,
  `alamat_pkl` varchar(50) NOT NULL,
  `description` text COMMENT 'Desc. Org'
) ENGINE=MyISAM DEFAULT CHARSET=utf8;

--
-- Dumping data for table `orgs`
--

INSERT INTO `orgs` (`id`, `parent_id`, `parent_name`, `name`, `no_reg`, `alamat_pkl`, `description`) VALUES
(1, 0, '', 'Pusat', '1234', '', 'PT. Ubudiyah Travel Aviation'),
(777, 1, 'PT. Ubudiyah Travel Aviation', 'UMUM', '', '', 'UMUM'),
(770, 1, 'PT. Ubudiyah Travel Aviation', 'Asra Prima', '', '', 'Asra Prima'),
(771, 1, 'PT. Ubudiyah Travel Aviation', 'PT Kana Tour & Travel', '', '', 'PT Kana Tour & Travel'),
(772, 1, 'PT. Ubudiyah Travel Aviation', 'Dzaki Tour & Travel', '', '', 'Dzaki Tour & Travel'),
(773, 1, 'PT. Ubudiyah Travel Aviation', 'PT Yalamlam Wisata', '', '', 'PT Yalamlam Wisata'),
(774, 1, 'PT. Ubudiyah Travel Aviation', 'PT Nuansa Tour & Travel', '', '', 'PT Nuansa Tour & Travel'),
(775, 1, 'PT. Ubudiyah Travel Aviation', 'PT Alam Tari Tour & Travel', '', '', 'PT Alam Tari Tour & Travel'),
(776, 1, 'PT. Ubudiyah Travel Aviation', 'PT Mangat Usaha Wisata', '', '', 'PT Mangat Usaha Wisata');

-- --------------------------------------------------------

--
-- Table structure for table `pelabuhan`
--

CREATE TABLE `pelabuhan` (
  `id` int(30) NOT NULL,
  `nm_bandara` varchar(100) NOT NULL,
  `kode` varchar(200) NOT NULL,
  `keterangan` varchar(100) NOT NULL,
  `id_negara` int(50) NOT NULL,
  `id_provinsi` int(50) NOT NULL,
  `id_kota` int(50) NOT NULL
) ENGINE=InnoDB DEFAULT CHARSET=latin1;

--
-- Dumping data for table `pelabuhan`
--

INSERT INTO `pelabuhan` (`id`, `nm_bandara`, `kode`, `keterangan`, `id_negara`, `id_provinsi`, `id_kota`) VALUES
(1, 'Sultan iskandar muda', 'BTJ', '11', 1, 1, 1),
(3, 'Bandar Udara Internasional Kuala Lumpur', 'KUL', 'ok', 2, 2, 2);

-- --------------------------------------------------------

--
-- Table structure for table `penumpang`
--

CREATE TABLE `penumpang` (
  `id_penumpang` int(12) NOT NULL,
  `id_transaksi` int(12) NOT NULL,
  `nama_penumpang` varchar(50) NOT NULL,
  `tgl_lahir` varchar(10) NOT NULL,
  `nik` varchar(25) NOT NULL,
  `jenis_penumpang` int(5) NOT NULL,
  `created` timestamp NULL DEFAULT CURRENT_TIMESTAMP
) ENGINE=InnoDB DEFAULT CHARSET=latin1;

--
-- Dumping data for table `penumpang`
--

INSERT INTO `penumpang` (`id_penumpang`, `id_transaksi`, `nama_penumpang`, `tgl_lahir`, `nik`, `jenis_penumpang`, `created`) VALUES
(1, 1, 'ricky rahael', '28-08-2018', '1108040208940001', 0, '2018-08-27 14:47:30'),
(2, 2, 'FAZZAH SYAKHYIYA FACHYA', '24/07/1967', '1171022907080000', 0, '2018-08-27 16:01:40'),
(3, 3, 'ADAMUL KIRAM', '24/07/1967', '1171022907080000', 0, '2018-08-27 16:01:40'),
(4, 4, 'FAKINAH', '24/07/1967', '1171026407670000', 0, '2018-08-27 16:01:40'),
(5, 5, 'RIZKY MAULANA', '11/07/1998', '1171021107980000', 0, '2018-08-27 16:01:40'),
(6, 6, 'RIZA FERDIAN', '17/01/1983', '1171051701830000', 0, '2018-08-27 16:01:40'),
(7, 7, 'NAZAR', '20/03/1972', '1171022003720000', 0, '2018-08-27 16:01:40'),
(8, 8, 'MUSNI', '06/02/1975', '1171024602750000', 0, '2018-08-27 16:01:40'),
(9, 9, 'MUHAMMAD INDRA PRAJA', '01/12/1988', '1171020112880000', 0, '2018-08-27 16:01:40'),
(10, 10, 'MUHAMMAD AQQIL', '20/07/2008', '1171022007080000', 0, '2018-08-27 16:01:41'),
(11, 11, 'SINUWARTA', '19/10/1939', '1171021910390000', 0, '2018-08-27 16:01:41'),
(12, 12, 'ENGELINA JIOE', '04/03/1952', '1171024403520000', 0, '2018-08-27 16:01:41'),
(13, 13, 'TAN SRI YULITO', '14/05/1992', '1171021405920000', 0, '2018-08-27 16:01:41'),
(14, 14, 'TARMIZI', '17/06/1960', '1171021706600000', 0, '2018-08-27 16:01:41'),
(15, 15, 'TATI MAULIDYA', '25/07/1996', '1171026507960000', 0, '2018-08-27 16:01:41'),
(16, 16, 'RODE KUSUMA', '05/01/1964', '1171024501640000', 0, '2018-08-27 16:01:41'),
(17, 17, 'JULY MAYASARI', '28/07/1987', '1171026807870000', 0, '2018-08-27 16:01:41'),
(18, 18, 'ZOUL FAHMI', '23/09/1998', '1171022309980000', 0, '2018-08-27 16:01:41'),
(19, 19, 'HASRI YAMI AMANDA', '01/11/2000', '1171024111000000', 0, '2018-08-27 16:01:41'),
(20, 20, 'FIRDAUS', '05/09/2009', '1171020509090000', 0, '2018-08-27 16:01:41'),
(21, 21, 'ANANDA MAHARA BENGI', '24/10/2008', '1171026410080000', 0, '2018-08-27 16:01:42'),
(22, 22, 'SAID AZHARI', '17/07/1989', '1171021707890000', 0, '2018-08-27 16:01:42'),
(23, 23, 'M MUYASSIR ALI', '04/06/1989', '1171020406890000', 0, '2018-08-27 16:01:42'),
(24, 24, 'FAISAL JAFAR', '07/05/1973', '1171020705730000', 0, '2018-08-27 16:01:42'),
(25, 25, 'SULAIMAN R', '31/12/1979', '1171023112790010', 0, '2018-08-27 16:01:42'),
(26, 26, 'AHMAD MAKKI', '07/06/1988', '1171020706880000', 0, '2018-08-27 16:01:42'),
(27, 27, 'SOFAN FERDHIAN', '06/02/1977', '1171020602770000', 0, '2018-08-27 16:01:42'),
(28, 28, 'PHONNA SAPUTRA', '30/03/1984', '1171023003840000', 0, '2018-08-27 16:01:42'),
(29, 29, 'JULAIDA', '06/10/1987', '1171024610870000', 0, '2018-08-27 16:01:42'),
(30, 30, 'RIVANDI PERMANA', '12/02/1976', '1171021202760000', 0, '2018-08-27 16:01:42'),
(31, 31, 'ICIA', '11/05/1984', '1171025105840000', 0, '2018-08-27 16:01:42'),
(32, 32, 'MULYANSYAH', '08/02/1982', '1171020802820000', 0, '2018-08-27 16:01:43'),
(33, 33, 'DENI SAPUTRA', '08/09/1988', '3603310809880000', 0, '2018-08-27 16:01:43'),
(34, 34, 'ARIQ FATTAHILLAH', '15/02/2001', '1171021502010000', 0, '2018-08-27 16:01:43'),
(35, 35, 'SYAMSUDDIN', '30/12/1979', '1171023012790000', 0, '2018-08-27 16:01:43'),
(36, 36, 'MUAMAR MAARUF', '26/03/1968', '1171022603680000', 0, '2018-08-27 16:01:43'),
(37, 37, 'KEYSHA ANABILA', '31/10/2010', '1171027110100000', 0, '2018-08-27 16:01:43'),
(38, 38, 'CUT ANIJAR', '07/04/1988', '1171024704880000', 0, '2018-08-27 16:01:43'),
(39, 39, 'NASRULLAH', '01/07/1987', '1171020107870120', 0, '2018-08-27 16:01:43'),
(40, 40, 'M YUSUF PUTEH', '01/07/1945', '1171020107450060', 0, '2018-08-27 16:01:43'),
(41, 41, 'SYIFA FARZANA', '16/05/2010', '1171025605100000', 0, '2018-08-27 16:01:43'),
(42, 42, 'NURBAYA', '01/07/1978', '1171024107780140', 0, '2018-08-27 16:01:43'),
(43, 43, 'MUHAMMAD NUR', '16/06/1958', '1171021606580000', 0, '2018-08-27 16:01:43'),
(44, 44, 'DIAN UTARI', '21/01/1991', '1171026101910000', 0, '2018-08-27 16:01:43'),
(45, 45, 'HANIFAH ZAHRA', '14/08/2009', '1171025408090000', 0, '2018-08-27 16:01:44'),
(46, 46, 'NAYLA SALSABILLA', '23/08/2006', '1171026308060000', 0, '2018-08-27 16:01:44'),
(47, 47, 'BULIZAR', '05/07/1992', '1171020507920000', 0, '2018-08-27 16:01:44'),
(48, 48, 'AYU FADHILAH', '02/10/2003', '1171024210030000', 0, '2018-08-27 16:01:44'),
(49, 49, 'SALMAH', '01/07/1947', '1171024107470040', 0, '2018-08-27 16:01:44'),
(50, 50, 'NAZARUDDIN', '14/03/1971', '1171021403710000', 0, '2018-08-27 16:01:44'),
(51, 51, 'AZHARI', '06/06/1968', '1171020606680000', 0, '2018-08-27 16:01:44'),
(52, 52, 'NAZLA ZAKIA RANIA', '27/03/2005', '1171026703050000', 0, '2018-08-27 16:01:44'),
(53, 53, 'NADIA', '11/04/1974', '1171025104740000', 0, '2018-08-27 16:01:44'),
(54, 54, 'DINA ARIANI', '29/09/1985', '1171026909850000', 0, '2018-08-27 16:01:44'),
(55, 55, 'NURAINI', '06/08/1980', '1171024608800000', 0, '2018-08-27 16:01:44'),
(56, 56, 'MASDI M JAMIL', '01/07/1973', '1171020107730150', 0, '2018-08-27 16:01:44'),
(57, 57, 'ELIYANI USMAN', '19/03/1973', '1171025903730000', 0, '2018-08-27 16:01:45'),
(58, 58, 'ANDI SETIAWAN', '02/11/1987', '1171020211870000', 0, '2018-08-27 16:01:45'),
(59, 59, 'MOELID ALFARID', '25/05/2008', '1171022505080000', 0, '2018-08-27 16:01:45'),
(60, 60, 'IRA SETIAWATY SANTOSO', '30/03/1970', '1171027003700000', 0, '2018-08-27 16:01:45'),
(61, 61, 'MOCH KHADAFIE AL BAJRE', '07/02/1973', '1171020702730000', 0, '2018-08-27 16:01:45'),
(62, 62, 'AGUNG HERDIAWAN', '20/11/2000', '1171022011000000', 0, '2018-08-27 16:01:45'),
(63, 63, 'DARA ARIFA RAHMATIKA', '17/04/2007', '1171025704070000', 0, '2018-08-27 16:01:45'),
(64, 64, 'RAMAN AGUSTIA NINGSIH', '03/08/1999', '1171024308990000', 0, '2018-08-27 16:01:45'),
(65, 65, 'NAWI SIMATUPANG', '12/12/1969', '1171021212690000', 0, '2018-08-27 16:01:45'),
(66, 66, 'ROMISNI', '24/04/1974', '1171026404740000', 0, '2018-08-27 16:01:45'),
(67, 67, 'TINA NUZULUL RAHMAH', '22/11/2002', '1171026211020000', 0, '2018-08-27 16:01:46'),
(68, 68, 'RAZALI', '10/11/1962', '1171021011620000', 0, '2018-08-27 16:01:46'),
(69, 69, 'DELAILA CITRA', '13/10/2007', '1171025310070000', 0, '2018-08-27 16:01:46'),
(70, 70, 'BASRI', '04/08/1979', '1103030408790000', 0, '2018-08-27 16:01:46'),
(71, 71, 'FITRIANI', '25/05/1989', '1171026505890000', 0, '2018-08-27 16:01:46'),
(72, 72, 'JUNAIDI', '26/03/1978', '1171022603780010', 0, '2018-08-27 16:01:46'),
(73, 73, 'YUNI SARA', '07/11/1985', '1103034711850000', 0, '2018-08-27 16:01:46'),
(74, 74, 'MUHAMMAD AZHARI', '01/11/2006', '1103030111060000', 0, '2018-08-27 16:01:46'),
(75, 75, 'ZUHAIRUN', '26/08/1963', '1171022608630000', 0, '2018-08-27 16:01:46'),
(76, 76, 'ROBBI ZANUN BAKRI', '13/01/1987', '1171021301870000', 0, '2018-08-27 16:01:46'),
(77, 77, 'RATIH PURWASIH', '14/10/1993', '1171025410930000', 0, '2018-08-27 16:01:47'),
(78, 78, 'T M RIZKY REVIKANSYAH', '29/10/2002', '1171022910020000', 0, '2018-08-27 16:01:47'),
(79, 79, 'TAUFIK MULIA', '30/08/1971', '1171023008710000', 0, '2018-08-27 16:01:47'),
(80, 80, 'MARWAN MULIA', '29/10/2001', '1171022910010000', 0, '2018-08-27 16:01:47'),
(81, 81, 'SUSANTI LUBIS', '21/08/1978', '1171026108780000', 0, '2018-08-27 16:01:47'),
(82, 82, 'RASMAINI', '23/09/1962', '1171026309620000', 0, '2018-08-27 16:01:47'),
(83, 83, 'SUSANTRI', '15/10/1989', '1171025510890000', 0, '2018-08-27 16:01:47'),
(84, 84, 'FAUZAL', '18/03/1972', '1171021803720000', 0, '2018-08-27 16:01:47'),
(85, 85, 'DARLINA', '20/12/1971', '1171026012710000', 0, '2018-08-27 16:01:47'),
(86, 86, 'FATHAN', '07/09/2004', '1171020709040000', 0, '2018-08-27 16:01:47'),
(87, 87, 'ISMUNIZAR', '04/05/1977', '1171020405770000', 0, '2018-08-27 16:01:47'),
(88, 88, 'RAFIKA DONA', '19/06/1979', '1171025906790010', 0, '2018-08-27 16:01:47'),
(89, 89, 'MUAMMAR ZAKI ISMUNA', '30/06/2005', '1171023006050000', 0, '2018-08-27 16:01:47'),
(90, 90, 'NGADINO', '31/12/1968', '1171023112680010', 0, '2018-08-27 16:01:48'),
(91, 91, 'LAILI', '05/09/1963', '1171020509630000', 0, '2018-08-27 16:01:48'),
(92, 92, 'ARMANISAH', '23/05/1965', '1171026305650000', 0, '2018-08-27 16:01:48'),
(93, 93, 'YUNELDA ULFA', '18/08/1992', '1171025808920000', 0, '2018-08-27 16:01:48'),
(94, 94, 'SALSABILA HUSNA', '30/07/2005', '1171027007050000', 0, '2018-08-27 16:01:48'),
(95, 95, 'ERLINA FITRI', '01/01/1966', '1171024101660000', 0, '2018-08-27 16:01:48'),
(96, 96, 'RANY INDRIANI', '20/05/1996', '1171026005960000', 0, '2018-08-27 16:01:48'),
(97, 97, 'MUHAMMAD ICHSAN', '07/09/2001', '1171020709010000', 0, '2018-08-27 16:01:48'),
(98, 98, 'YOSEPHINE LEONARDO', '17/03/2000', '1171025703000000', 0, '2018-08-27 16:01:48'),
(99, 99, 'ISWANDI', '30/07/1988', '1171023007880000', 0, '2018-08-27 16:01:48'),
(100, 100, 'SAMUEL RUBIN', '05/02/1994', '1171020502940000', 0, '2018-08-27 16:01:48'),
(101, 101, 'VIVIAN RUBIN', '05/02/1996', '1171024502960000', 0, '2018-08-27 16:01:48'),
(102, 102, 'SUMITRO', '09/11/1979', '1171020911790000', 0, '2018-08-27 16:01:49'),
(103, 103, 'AFIFIA KHANZA', '11/09/2004', '1171025109040000', 0, '2018-08-27 16:01:49'),
(104, 104, 'DENI SETIAWAN', '20/01/1987', '1171022001870000', 0, '2018-08-27 16:01:49'),
(105, 105, 'SISCA OLIVIA', '24/10/1981', '1171022410810000', 0, '2018-08-27 16:01:49'),
(106, 106, 'AGUSTIANI SUSANTI', '17/08/1984', '1171025708840010', 0, '2018-08-27 16:01:49'),
(107, 107, 'RAHMAYANTI', '09/06/1984', '1171024906840000', 0, '2018-08-27 16:01:49'),
(108, 108, 'NURLAILAWATI NINGSIH', '26/06/1988', '1171026606880000', 0, '2018-08-27 16:01:49'),
(109, 109, 'MUHAMMAD ANGGER FAWWAZI H', '07/04/2008', '1171020704080000', 0, '2018-08-27 16:01:49'),
(110, 110, 'ZULFAHMI', '27/04/1988', '1171042704880000', 0, '2018-08-27 16:01:49'),
(111, 111, 'MUHAMMAD LINDHU MATARAM', '28/05/2006', '1171022805060000', 0, '2018-08-27 16:01:49'),
(112, 112, 'YUSRIZAL SYAHPUTRA', '05/01/1982', '1171020501820000', 0, '2018-08-27 16:01:49'),
(113, 113, 'MARLINA', '08/04/1984', '1171024804840000', 0, '2018-08-27 16:01:49'),
(114, 114, 'LINCHA', '28/10/1983', '1171026810830000', 0, '2018-08-27 16:01:50'),
(115, 115, 'TEUKU FARIAN RAMADHANA', '21/10/2004', '1171022110040000', 0, '2018-08-27 16:01:50'),
(116, 116, 'ZAINUDDIN', '01/07/1961', '1171020107610050', 0, '2018-08-27 16:01:50'),
(117, 117, 'HAMIDAH', '03/03/1935', '1171024303350000', 0, '2018-08-27 16:01:50'),
(118, 118, 'RIZKI AULIA', '05/06/1979', '1171020506790000', 0, '2018-08-27 16:01:50'),
(119, 119, 'MICHAEL', '31/12/2003', '1171023112030000', 0, '2018-08-27 16:01:50'),
(120, 120, 'DIAN PATRA YANI', '28/11/1981', '1171026811810000', 0, '2018-08-27 16:01:50'),
(121, 121, 'RUFINUS', '10/07/1945', '1171021007450000', 0, '2018-08-27 16:01:50'),
(122, 122, 'TJEN SUN IN', '10/09/1951', '1171025009510000', 0, '2018-08-27 16:01:50'),
(123, 123, 'JIMMY', '11/11/1979', '1171021111790000', 0, '2018-08-27 16:01:50'),
(124, 124, 'INTAN PURNAMA SARI', '29/10/1985', '1171026910850000', 0, '2018-08-27 16:01:51'),
(125, 125, 'ALFI IKHSAN PRATAMA', '28/10/2007', '1171022810070000', 0, '2018-08-27 16:01:51'),
(126, 126, 'HUSAINI NURDIN', '01/07/1981', '1171020107810200', 0, '2018-08-27 16:01:51'),
(127, 127, 'SYAULIMAN', '04/04/1981', '1171020404810000', 0, '2018-08-27 16:01:51'),
(128, 128, 'MUHAMMAD SAID', '27/10/1974', '1171022710740000', 0, '2018-08-27 16:01:51'),
(129, 129, 'MAIMUNAH', '17/07/1978', '1171025707780000', 0, '2018-08-27 16:01:51'),
(130, 130, 'ROMY SUHANDHI', '07/01/1996', '1171020701960000', 0, '2018-08-27 16:01:51'),
(131, 131, 'FAUZI AMANDA', '28/02/2001', '1171022802010000', 0, '2018-08-27 16:01:51'),
(132, 132, 'RIZKI RAFSANJANI', '27/11/2004', '1171022711040000', 0, '2018-08-27 16:01:51'),
(133, 133, 'MICHELLE ABIGAIL', '11/01/2011', '1171025101110000', 0, '2018-08-27 16:01:51'),
(134, 134, 'M NUR AMIN', '14/04/1949', '1171081404490000', 0, '2018-08-27 16:01:51'),
(135, 135, 'TEUKU FASHA RAMADHANA', '19/10/2006', '1171021910060000', 0, '2018-08-27 16:01:51'),
(136, 136, 'NURUL HUDA', '14/09/1961', '1171025409610000', 0, '2018-08-27 16:01:52'),
(137, 137, 'FUADI', '28/06/1952', '1171022806520000', 0, '2018-08-27 16:01:52'),
(138, 138, 'FAHREZA RIZKI SUBHAN', '01/01/1983', '1171020101830020', 0, '2018-08-27 16:01:52'),
(139, 139, 'RAIHAN NABILA GEBRINA', '28/06/1995', '1171026806950000', 0, '2018-08-27 16:01:52'),
(140, 140, 'HENDRA SYAHPUTRA', '01/07/1986', '1171020107860170', 0, '2018-08-27 16:01:52'),
(141, 141, 'ZULFAITA', '30/09/1971', '1171023009710000', 0, '2018-08-27 16:01:52'),
(142, 142, 'RACHRUR RAZI', '08/12/1972', '1171020812720000', 0, '2018-08-27 16:01:52'),
(143, 143, 'SAMSUL ANWAR', '24/02/1981', '1171022402810000', 0, '2018-08-27 16:01:52'),
(144, 144, 'MAISARAH', '02/06/1952', '1171024206520000', 0, '2018-08-27 16:01:52'),
(145, 145, 'RULLY SUQRAN MAULANA', '26/01/1991', '1171022601910000', 0, '2018-08-27 16:01:52'),
(146, 146, 'JHONNY', '17/11/1980', '1171021711800000', 0, '2018-08-27 16:01:52'),
(147, 147, 'LEGIMIN', '20/12/1984', '1171022012840000', 0, '2018-08-27 16:01:53'),
(148, 148, 'NAZARULLAH', '14/07/1977', '1171021407770000', 0, '2018-08-27 16:01:53'),
(149, 149, 'TIRA YUPA SUTARI', '22/03/1993', '1171026203930000', 0, '2018-08-27 16:01:53'),
(150, 150, 'YANA INDAH PERTIWI', '14/05/1995', '1171025405950000', 0, '2018-08-27 16:01:53'),
(151, 151, 'SUCI ANANDA', '12/11/1997', '1171025211970000', 0, '2018-08-27 16:01:53'),
(152, 152, 'NAYRA JASMINE', '16/07/2009', '1171025607090000', 0, '2018-08-27 16:01:53'),
(153, 153, 'MARTUNIS', '24/07/2005', '1171022407050000', 0, '2018-08-27 16:01:53'),
(154, 154, 'SURYA RIVANO', '08/08/2010', '1171020808100000', 0, '2018-08-27 16:01:53'),
(155, 155, 'SAIFUDDIN', '12/06/1980', '1171021206800000', 0, '2018-08-27 16:01:53'),
(156, 156, 'ZAHRATUL SUKMA', '12/01/2011', '1171025201110000', 0, '2018-08-27 16:01:53'),
(157, 157, 'ZULFIKAR', '22/08/1974', '1171022208740000', 0, '2018-08-27 16:01:53'),
(158, 158, 'NADHILA LIYANA RASID', '06/05/2007', '1171024605070000', 0, '2018-08-27 16:01:54'),
(159, 159, 'ROSDANI', '23/06/1982', '1171026306820000', 0, '2018-08-27 16:01:54'),
(160, 160, 'ASMAWATI', '28/09/1985', '1171026809850000', 0, '2018-08-27 16:01:54'),
(161, 161, 'ANI MARDIANA', '04/10/1987', '1171024410870000', 0, '2018-08-27 16:01:54'),
(162, 162, 'MASYANI', '04/02/1972', '1171024402720000', 0, '2018-08-27 16:01:54'),
(163, 163, 'EMYANTI', '14/02/1977', '1171025402770000', 0, '2018-08-27 16:01:54'),
(164, 164, 'SUMIYA', '11/09/1967', '1171025109670000', 0, '2018-08-27 16:01:54'),
(165, 165, 'SUROTO', '14/03/1959', '1171021403590000', 0, '2018-08-27 16:01:54'),
(166, 166, 'CINDY', '21/03/1993', '1171026103930000', 0, '2018-08-27 16:01:54'),
(167, 167, 'HARTUTI', '22/02/1967', '1171026202670000', 0, '2018-08-27 16:01:54'),
(168, 168, 'ELYKA NUR HANYFAH', '12/05/1993', '1171025205930000', 0, '2018-08-27 16:01:54'),
(169, 169, 'ZULKIFLI', '03/10/1987', '1171020310870000', 0, '2018-08-27 16:01:54'),
(170, 170, 'HAIKAL AKBAR', '19/11/1999', '1171021911990000', 0, '2018-08-27 16:01:54'),
(171, 171, 'GEBRINA RIZKI', '26/10/2003', '1171026610030000', 0, '2018-08-27 16:01:55'),
(172, 172, 'MUHAMMADD FURQAN', '13/03/1983', '1171021303830000', 0, '2018-08-27 16:01:55'),
(173, 173, 'MEIRIANSYAH PUTRA', '18/05/1981', '1171021805810000', 0, '2018-08-27 16:01:55'),
(174, 174, 'EMIRA', '08/03/1978', '1171024803780000', 0, '2018-08-27 16:01:55'),
(175, 175, 'TARMIZI', '07/07/1959', '1171020707590000', 0, '2018-08-27 16:01:55'),
(176, 176, 'WAN HERAWATI', '02/02/1947', '1171024202470000', 0, '2018-08-27 16:01:55'),
(177, 177, 'ILYAS', '01/01/1962', '1171020101620010', 0, '2018-08-27 16:01:55'),
(178, 178, 'SAFRIANA', '09/10/1968', '1171024910680000', 0, '2018-08-27 16:01:55'),
(179, 179, 'RAHMI MAULIDA', '07/02/1990', '1171024702900000', 0, '2018-08-27 16:01:55'),
(180, 180, 'MARLIATI', '26/03/1980', '1171026603800000', 0, '2018-08-27 16:01:55'),
(181, 181, 'RAHMI ABU BAKAR', '31/03/1985', '1171027103850000', 0, '2018-08-27 16:01:55'),
(182, 182, 'E OKTAVIANI SORAYA', '19/10/1978', '1171025910780000', 0, '2018-08-27 16:01:55'),
(183, 183, 'HENDRA HERIANSYAH', '10/10/1979', '1171021010790010', 0, '2018-08-27 16:01:56'),
(184, 184, 'ALIMUNIR MUHAMMAD AMIN', '01/01/1973', '1171020101730000', 0, '2018-08-27 16:01:56'),
(185, 185, 'HASRUN WIRANA', '15/05/1953', '1171021505530000', 0, '2018-08-27 16:01:56'),
(186, 186, 'ONG MIAU SIN', '23/09/1951', '1171022309510000', 0, '2018-08-27 16:01:56'),
(187, 187, 'RAHMAT AULIA', '14/04/2003', '1171021404030000', 0, '2018-08-27 16:01:56'),
(188, 188, 'CUT HERMIZA SARI', '17/02/1989', '1171045702890000', 0, '2018-08-27 16:01:56'),
(189, 189, 'DEDI AZWIR', '10/08/1978', '1171021008780010', 0, '2018-08-27 16:01:56'),
(190, 190, 'SITI RAHAMAH', '09/03/1981', '1171024903810000', 0, '2018-08-27 16:01:56'),
(191, 191, 'MUKHLIS', '10/04/1976', '1171021004760000', 0, '2018-08-27 16:01:56'),
(192, 192, 'ERNAWATI', '14/04/1974', '1171025404740000', 0, '2018-08-27 16:01:56'),
(193, 193, 'ALYA ATHIFAH', '08/01/2006', '1171024801060000', 0, '2018-08-27 16:01:56'),
(194, 194, 'SURIANA', '01/01/1984', '1171024101840000', 0, '2018-08-27 16:01:56'),
(195, 195, 'M SAYUTI', '17/05/1992', '1171021705920000', 0, '2018-08-27 16:01:56'),
(196, 196, 'SYAMSUDDIN', '01/06/1973', '1171020106730000', 0, '2018-08-27 16:01:57'),
(197, 197, 'ISMANIAR', '02/12/1964', '1171024212640000', 0, '2018-08-27 16:01:57'),
(198, 198, 'DELVIDA DARMAN', '07/03/1989', '1171024703890000', 0, '2018-08-27 16:01:57'),
(199, 199, 'ZUL AZHAR', '02/12/1976', '1171020212760000', 0, '2018-08-27 16:01:57'),
(200, 200, 'M IQBAL MAULANA', '02/01/2005', '1171020201050000', 0, '2018-08-27 16:01:57'),
(201, 201, 'ABD HAMID', '16/09/1936', '1171021609360000', 0, '2018-08-27 16:01:57'),
(202, 202, 'SITI MARIAH', '04/08/1938', '1171024408380000', 0, '2018-08-27 16:01:57'),
(203, 203, 'EDI AZHARI', '21/03/1964', '1171022103640000', 0, '2018-08-27 16:01:57'),
(204, 204, 'NURMASITAH', '10/10/1963', '1171025010630010', 0, '2018-08-27 16:01:57'),
(205, 205, 'ZULKIFLI', '04/01/1958', '1171020401580000', 0, '2018-08-27 16:01:57'),
(206, 206, 'SAKDIAH', '01/04/1962', '1171024104620000', 0, '2018-08-27 16:01:57'),
(207, 207, 'IRFAN', '14/10/1968', '1171021410680000', 0, '2018-08-27 16:01:57'),
(208, 208, 'RAIFUL HAQ', '05/03/2006', '1171020503060000', 0, '2018-08-27 16:01:58'),
(209, 209, 'HENDRY KOTO', '03/01/1968', '1171020301680000', 0, '2018-08-27 16:01:58'),
(210, 210, 'SISKA', '09/12/1977', '1171024912770000', 0, '2018-08-27 16:01:58'),
(211, 211, 'RISQI ANDINI MEUTIA', '26/07/1999', '1171026607990000', 0, '2018-08-27 16:01:58'),
(212, 212, 'RAMADHANA MUHAMMAD DAFFA', '02/12/2001', '1171020212010000', 0, '2018-08-27 16:01:58'),
(213, 213, 'TARBIATI', '13/11/1967', '1171025311670000', 0, '2018-08-27 16:01:58'),
(214, 214, 'ARIZIA FIRDAUS', '18/01/2002', '1171021801020000', 0, '2018-08-27 16:01:58'),
(215, 215, 'BONIYEM', '31/12/1959', '1171027112590020', 0, '2018-08-27 16:01:58'),
(216, 216, 'LUKMIATI', '02/03/1971', '1171024203710000', 0, '2018-08-27 16:01:58'),
(217, 217, 'DODIK ARIPIN YANTO', '20/06/1980', '1171022006800000', 0, '2018-08-27 16:01:58'),
(218, 218, 'RIZKI AULIA RAMADHAN', '04/10/2007', '1171020410070000', 0, '2018-08-27 16:01:58'),
(219, 219, 'JIMMI ZAMZAMI', '03/01/1991', '1171020301910000', 0, '2018-08-27 16:01:58'),
(220, 220, 'AGUS GUNAWAN', '04/12/1995', '1171020412950000', 0, '2018-08-27 16:01:58'),
(221, 221, 'EVA ZAINIUS WARTINI', '23/12/1983', '1171026512830000', 0, '2018-08-27 16:01:59'),
(222, 222, 'RIDWANSYAH', '31/03/1989', '1171023103890000', 0, '2018-08-27 16:01:59'),
(223, 223, 'RUSLI', '05/09/1959', '1171040509590000', 0, '2018-08-27 16:01:59'),
(224, 224, 'KAMALIA', '01/08/1963', '1171044108630000', 0, '2018-08-27 16:01:59'),
(225, 225, 'ISMATHUT DINY', '18/04/1987', '1171045804870000', 0, '2018-08-27 16:01:59'),
(226, 226, 'SAIFULLAH', '17/06/1976', '1171021706760000', 0, '2018-08-27 16:01:59'),
(227, 227, 'AYSKA ZAFIRAH', '01/06/2006', '1171024106060000', 0, '2018-08-27 16:01:59'),
(228, 228, 'NIRMA HIJJAH', '16/06/1998', '1171025606980000', 0, '2018-08-27 16:01:59'),
(229, 229, 'NURANTIAH', '29/12/1950', '1171026912500000', 0, '2018-08-27 16:01:59'),
(230, 230, 'ASNIAR', '03/06/1986', '1171024306860000', 0, '2018-08-27 16:01:59'),
(231, 231, 'NURMALIA', '08/02/1981', '1171024802810000', 0, '2018-08-27 16:01:59'),
(232, 232, 'SITI FATHIMAH AZZAHRA', '15/02/2002', '1171025502020000', 0, '2018-08-27 16:01:59'),
(233, 233, 'SARDINAH', '12/04/1952', '1171085204520000', 0, '2018-08-27 16:02:00'),
(234, 234, 'DEDY NUSKHAN', '21/08/1978', '1171022108780000', 0, '2018-08-27 16:02:00'),
(235, 235, 'IRMA SARI', '02/03/1981', '1171024203810000', 0, '2018-08-27 16:02:00'),
(236, 236, 'RAHMAYUNINGSIH', '24/06/1982', '1171026406820000', 0, '2018-08-27 16:02:00'),
(237, 237, 'BASRI', '26/07/1949', '1171022607490000', 0, '2018-08-27 16:02:00'),
(238, 238, 'BADRIAH', '01/08/1981', '1171024108810000', 0, '2018-08-27 16:02:00'),
(239, 239, 'DARA SARADIBA', '29/06/2003', '1171026906030000', 0, '2018-08-27 16:02:00'),
(240, 240, 'SALSABILA KARINA MUKHERJI', '21/09/2000', '1171026109000000', 0, '2018-08-27 16:02:00'),
(241, 241, 'HELMI HAMID', '26/04/1968', '1171022604680000', 0, '2018-08-27 16:02:00'),
(242, 242, 'REISQY ANANDA PUTRA', '11/04/1998', '1171021104980000', 0, '2018-08-27 16:02:00'),
(243, 243, 'HILDA SYELVIE AZZUHRA THUSTURY', '23/08/2001', '1171026308010000', 0, '2018-08-27 16:02:01'),
(244, 244, 'BAKHTIAR', '08/04/1970', '1171020804700000', 0, '2018-08-27 16:02:01'),
(245, 245, 'AINUL MARDHIAH', '07/02/1950', '1171024702500000', 0, '2018-08-27 16:02:01'),
(246, 246, 'ELLY HASLINDA', '04/11/1980', '1171024411800000', 0, '2018-08-27 16:02:01'),
(247, 247, 'SASKIA NABILA', '24/01/2006', '1171026401060000', 0, '2018-08-27 16:02:01'),
(248, 248, 'CUT MUTIA EKAWATI', '16/06/1982', '1171025606820000', 0, '2018-08-27 16:02:01'),
(249, 249, 'MAYSARAH', '12/05/1984', '1171025205840000', 0, '2018-08-27 16:02:01'),
(250, 250, 'ABDULLAH', '01/07/1946', '1171020107460020', 0, '2018-08-27 16:02:01'),
(251, 251, 'NURHAYATI', '01/07/1955', '1171024107550080', 0, '2018-08-27 16:02:01'),
(252, 252, 'MUHAMMAD HASHFI', '03/06/1998', '1171020603960000', 0, '2018-08-27 16:02:01'),
(253, 253, 'PUTRI INAYA', '10/08/2000', '1171025008000000', 0, '2018-08-27 16:02:02'),
(254, 254, 'ISKANDAR', '05/10/1959', '1171020510590000', 0, '2018-08-27 16:02:02'),
(255, 255, 'MUZAINAH', '05/07/1972', '1171024507720000', 0, '2018-08-27 16:02:02'),
(256, 256, 'RAHMATSYAH PUTRA ZULRI', '24/09/1977', '1171022409770000', 0, '2018-08-27 16:02:02'),
(257, 257, 'ALMIRA NAFISAH', '07/07/2012', '1171024707120000', 0, '2018-08-27 16:02:02'),
(258, 258, 'MUNIRUDDIN', '14/03/1972', '1171021403720000', 0, '2018-08-27 16:02:02'),
(259, 259, 'INTAN PERMATA SARI', '08/11/1990', '1171044811900000', 0, '2018-08-27 16:02:02'),
(260, 260, 'ERLINAWATI', '04/04/1964', '1171024404640000', 0, '2018-08-27 16:02:02'),
(261, 261, 'MUHAMMAD SYAKI', '28/09/2005', '1171022809050000', 0, '2018-08-27 16:02:02'),
(262, 262, 'HERLINA ROSITA', '28/08/1963', '1171026808630000', 0, '2018-08-27 16:02:02'),
(263, 263, 'IMELDA', '07/05/1983', '1171024705830000', 0, '2018-08-27 16:02:02'),
(264, 264, 'RAHMAD SYAH', '29/07/1980', '1171022907800000', 0, '2018-08-27 16:02:02'),
(265, 265, 'CUT NYAK KESUMAWATI', '11/02/1951', '1171025102510000', 0, '2018-08-27 16:02:03'),
(266, 266, 'SISKA PERMATA SARI', '25/08/1989', '1171026508890000', 0, '2018-08-27 16:02:03'),
(267, 267, 'LERIS KAMOLINA SARI', '15/10/1983', '1171025510830000', 0, '2018-08-27 16:02:03'),
(268, 268, 'ANNISA CHAIRINA LASA', '19/10/1999', '1171025910990000', 0, '2018-08-27 16:02:03'),
(269, 269, 'MIRZA KESUMA', '24/04/1973', '1171022404730000', 0, '2018-08-27 16:02:03'),
(270, 270, 'RAJUDDIN', '27/12/1960', '1171022712600000', 0, '2018-08-27 16:02:03'),
(271, 271, 'FATIMAH', '12/10/1978', '1171025210780000', 0, '2018-08-27 16:02:03'),
(272, 272, 'NGATIMIN', '13/08/1972', '1171021308720000', 0, '2018-08-27 16:02:03'),
(273, 273, 'SUGIARTI', '25/12/1977', '1171026512770000', 0, '2018-08-27 16:02:03'),
(274, 274, 'DEDY ISKANDAR', '08/12/2005', '1171020812050000', 0, '2018-08-27 16:02:03'),
(275, 275, 'GUNTUR RAHARJO', '11/02/1987', '1171021102870000', 0, '2018-08-27 16:02:03'),
(276, 276, 'FIORENZA LAYTAMA', '04/03/2012', '1171024403120000', 0, '2018-08-27 16:02:03'),
(277, 277, 'RULI HAFIDHAT', '26/10/1982', '1171022610820000', 0, '2018-08-27 16:02:03'),
(278, 278, 'MAULANA IKHSANSYAH', '14/03/1978', '1171021403780000', 0, '2018-08-27 16:02:04'),
(279, 279, 'ILHAM', '30/03/1962', '1171023003620000', 0, '2018-08-27 16:02:04'),
(280, 280, 'MARTIANI', '01/07/1967', '1171024107670080', 0, '2018-08-27 16:02:04'),
(281, 281, 'ZAINAL ABIDIN', '12/07/1955', '1171021207550000', 0, '2018-08-27 16:02:04'),
(282, 282, 'SYAMSUARNI', '05/07/1960', '1171024507600000', 0, '2018-08-27 16:02:04'),
(283, 283, 'M AQLI', '30/03/2005', '1171023003050000', 0, '2018-08-27 16:02:04'),
(284, 284, 'RATMI', '22/10/1966', '1171026210660000', 0, '2018-08-27 16:02:04'),
(285, 285, 'MUTIAWATI', '11/09/1982', '1171025109820000', 0, '2018-08-27 16:02:04'),
(286, 286, 'FARQADIYAH', '21/10/1987', '1171026110870000', 0, '2018-08-27 16:02:04'),
(287, 287, 'ARISKA JUMAIDA', '10/02/1989', '1171025002890000', 0, '2018-08-27 16:02:04'),
(288, 288, 'NURMAWATI', '05/05/1990', '1171024505900000', 0, '2018-08-27 16:02:04'),
(289, 289, 'MUHAMMAD RISKY', '20/02/1997', '1171022002970000', 0, '2018-08-27 16:02:04'),
(290, 290, 'NURHAYATI', '01/07/1985', '1171024107850130', 0, '2018-08-27 16:02:05'),
(291, 291, 'MUHAMMAD HAIKAL', '17/01/2004', '1171021701040000', 0, '2018-08-27 16:02:05'),
(292, 292, 'HUSNAN', '03/10/1978', '1171020310780000', 0, '2018-08-27 16:02:05'),
(293, 293, 'BUDIADARI ZAHRATUL JANNAH', '28/08/2002', '1171026808020000', 0, '2018-08-27 16:02:05'),
(294, 294, 'SOPIANTO', '03/02/1983', '1171020302830000', 0, '2018-08-27 16:02:05'),
(295, 295, 'T SYAHREZA MUFTI', '20/07/2006', '1171022007060000', 0, '2018-08-27 16:02:05'),
(296, 296, 'HERU FAHLEVI', '09/11/1983', '1171020911830000', 0, '2018-08-27 16:02:05'),
(297, 297, 'MURHALIM', '10/10/1980', '1171021010800010', 0, '2018-08-27 16:02:05'),
(298, 298, 'MURTADHA', '29/01/1984', '1118012901840000', 0, '2018-08-27 16:02:05'),
(299, 299, 'BUKHARI MUSLIM', '04/06/1974', '1171020406740000', 0, '2018-08-27 16:02:05'),
(300, 300, 'FITRIANI', '06/02/1986', '1171024602860000', 0, '2018-08-27 16:02:05'),
(301, 301, 'LINA', '15/01/1965', '1171025501650000', 0, '2018-08-27 16:02:05'),
(302, 302, 'M. AMUDDIN', '18/11/1960', '1171021811600000', 0, '2018-08-27 16:02:05'),
(303, 303, 'ZULKARNAIN BINA', '14/09/1946', '1171021409460000', 0, '2018-08-27 16:02:06'),
(304, 304, 'RAHMATULLAH HAIKAL A P', '06/12/1989', '1171020612890000', 0, '2018-08-27 16:02:06'),
(305, 305, 'CUT DAHLIA', '05/07/1953', '1171024507530000', 0, '2018-08-27 16:02:06'),
(306, 306, 'M FAHMI ALI', '20/09/1983', '1171022009830000', 0, '2018-08-27 16:02:06'),
(307, 307, 'TAUFIK', '17/07/1990', '1171021707900000', 0, '2018-08-27 16:02:06'),
(308, 308, 'NURSIAH', '23/05/1964', '1171026305640000', 0, '2018-08-27 16:02:06'),
(309, 309, 'SUTOYO YUSUF', '19/08/1982', '1171021908820010', 0, '2018-08-27 16:02:06'),
(310, 310, 'CHALIDAR', '12/04/1962', '1171025204620000', 0, '2018-08-27 16:02:06'),
(311, 311, 'M REZA FAHLEFI', '06/06/1995', '1171020606950000', 0, '2018-08-27 16:02:06'),
(312, 312, 'SITTI NUR ELIZA', '02/03/2000', '1171024203000000', 0, '2018-08-27 16:02:06'),
(313, 313, 'NAZRA HUMAIRA', '27/02/1998', '1171026702980000', 0, '2018-08-27 16:02:06'),
(314, 314, 'FITRIA', '14/04/1980', '1171025404800000', 0, '2018-08-27 16:02:06'),
(315, 315, 'SYLVIA AGUSTINA', '25/08/1989', '1171026508890000', 0, '2018-08-27 16:02:07'),
(316, 316, 'NONA LILY', '13/09/1941', '1171025309410000', 0, '2018-08-27 16:02:07'),
(317, 317, 'RUHAMAH M SALEH', '11/12/1972', '1171025112720000', 0, '2018-08-27 16:02:07'),
(318, 318, 'PUTRI BELANGI NEATI', '24/10/1997', '1171026410970000', 0, '2018-08-27 16:02:07'),
(319, 319, 'AJENG DISTA MEDIANI', '14/10/1980', '1171025410800000', 0, '2018-08-27 16:02:07'),
(320, 320, 'SOEN KWET', '04/04/1963', '1171020404630000', 0, '2018-08-27 16:02:07'),
(321, 321, 'OEI LIAN NJUK', '08/06/1964', '1171024806640000', 0, '2018-08-27 16:02:07'),
(322, 322, 'AMRI ISMAIL', '31/07/1984', '1171023107840010', 0, '2018-08-27 16:02:07'),
(323, 323, 'EDI SAPUTRA', '08/09/1980', '1171020809800000', 0, '2018-08-27 16:02:07'),
(324, 324, 'MUHAMMAD IQBAL HARAHAP', '04/07/1980', '1171020407800000', 0, '2018-08-27 16:02:07'),
(325, 325, 'PUTRI SALZABILA', '20/02/2006', '1171026002060000', 0, '2018-08-27 16:02:07'),
(326, 326, 'M.RAFA HALIM RAMADHAN', '07/09/2010', '1171020709100000', 0, '2018-08-27 16:02:08'),
(327, 327, 'MUHAMMAD JAMIL', '01/02/1968', '1171020102680000', 0, '2018-08-27 16:02:08'),
(328, 328, 'SRI ERLINA', '13/10/1970', '1171025310700000', 0, '2018-08-27 16:02:08'),
(329, 329, 'MUHAMMAD HAIKAL', '15/07/2002', '1171021507020000', 0, '2018-08-27 16:02:08'),
(330, 330, 'MUHAMMAD IQBAL', '11/04/1989', '1171041104890000', 0, '2018-08-27 16:02:08'),
(331, 331, 'USWATUN HASANAH', '11/11/1992', '1171045111920000', 0, '2018-08-27 16:02:08'),
(332, 332, 'ZAHARA', '25/04/1995', '1171046504950000', 0, '2018-08-27 16:02:08'),
(333, 333, 'HARDIANTO', '06/07/1962', '1171020607620000', 0, '2018-08-27 16:02:08'),
(334, 334, 'MERI SARLINDA', '12/07/1978', '1171025207780000', 0, '2018-08-27 16:02:08'),
(335, 335, 'MUHAMMAD ISMUALI N', '16/05/1975', '1171021605750000', 0, '2018-08-27 16:02:08'),
(336, 336, 'LIAN JOEK SIOE', '28/06/1920', '1171026806200000', 0, '2018-08-27 16:02:08'),
(337, 337, 'TJIA LIE KOET', '18/06/1944', '1171025806440000', 0, '2018-08-27 16:02:08'),
(338, 338, 'TJIA LIE KHIN', '08/12/1950', '1171020812500000', 0, '2018-08-27 16:02:09'),
(339, 339, 'MAIZA SYIFA ADIBAH. N', '11/07/2009', '1171025107090000', 0, '2018-08-27 16:02:09'),
(340, 340, 'BURHANUDDIN', '29/03/1978', '1171022903780000', 0, '2018-08-27 16:02:09'),
(341, 341, 'WILLIAM', '01/01/1997', '1171020101970000', 0, '2018-08-27 16:02:09'),
(342, 342, 'IRAYANA', '25/12/1973', '1171026512730000', 0, '2018-08-27 16:02:09'),
(343, 343, 'AFRIZAL SYAHPUTRA', '01/07/1996', '1171020107960020', 0, '2018-08-27 16:02:09'),
(344, 344, 'TAZKY ARRAHMAN', '23/04/2007', '1171022304070000', 0, '2018-08-27 16:02:09'),
(345, 345, 'MUKSALMINA', '26/01/1987', '1171022601870000', 0, '2018-08-27 16:02:09'),
(346, 346, 'SALMIRA MARLINDA', '12/03/1989', '1105095203890000', 0, '2018-08-27 16:02:09'),
(347, 347, 'MAIDA NABILLA RISHI', '01/05/2006', '1171024105060000', 0, '2018-08-27 16:02:09'),
(348, 348, 'KHATIJAH', '01/07/1935', '1171024107350040', 0, '2018-08-27 16:02:09'),
(349, 349, 'MUSLEM', '14/05/1981', '1171021405810000', 0, '2018-08-27 16:02:09'),
(350, 350, 'HARLINI', '28/09/1978', '1171026809780000', 0, '2018-08-27 16:02:10'),
(351, 351, 'WIRDA FEBRIA PUTRI', '20/02/1999', '1171026002990000', 0, '2018-08-27 16:02:10'),
(352, 352, 'TONI', '14/02/1974', '1171021402740000', 0, '2018-08-27 16:02:10'),
(353, 353, 'VERENNITA', '14/01/2000', '1171025401000000', 0, '2018-08-27 16:02:10'),
(354, 354, 'ENRICO VIAN LU', '17/05/2003', '1171021705030000', 0, '2018-08-27 16:02:10'),
(355, 355, 'DINA NOVITA', '03/11/2011', '1171024311110000', 0, '2018-08-27 16:02:10'),
(356, 356, 'haha1', '29-08-2018', '234234', 0, '2018-08-30 16:57:02'),
(357, 356, 'haha2', '29-08-2018', '234234', 0, '2018-08-30 16:57:02'),
(358, 357, 'haha1', '29-08-2018', '234234', 0, '2018-08-30 16:57:33'),
(359, 357, 'haha2', '29-08-2018', '234234', 0, '2018-08-30 16:57:33'),
(360, 358, 'haha1', '29-08-2018', '234234', 0, '2018-08-30 17:01:03'),
(361, 358, 'haha2', '29-08-2018', '234234', 0, '2018-08-30 17:01:03'),
(362, 359, 'haha1', '29-08-2018', '234234', 0, '2018-08-30 17:02:37'),
(363, 359, 'haha2', '29-08-2018', '234234', 0, '2018-08-30 17:02:37'),
(364, 360, 'haha1', '29-08-2018', '234234', 0, '2018-08-30 17:03:32'),
(365, 360, 'haha2', '29-08-2018', '234234', 0, '2018-08-30 17:03:32'),
(366, 361, 'haha1', '29-08-2018', '234234', 0, '2018-08-30 17:08:30'),
(367, 361, 'haha2', '29-08-2018', '234234', 0, '2018-08-30 17:08:30'),
(368, 362, 'haha1', '29-08-2018', '234234', 0, '2018-08-30 17:09:36'),
(369, 362, 'haha2', '29-08-2018', '234234', 0, '2018-08-30 17:09:36'),
(370, 363, 'haha1', '29-08-2018', '234234', 0, '2018-08-30 17:09:43'),
(371, 363, 'haha2', '29-08-2018', '234234', 0, '2018-08-30 17:09:43'),
(372, 364, 'haha1', '29-08-2018', '234234', 0, '2018-08-30 17:10:11'),
(373, 364, 'haha2', '29-08-2018', '234234', 0, '2018-08-30 17:10:11'),
(374, 365, 'haha1', '29-08-2018', '234234', 0, '2018-08-30 17:10:45'),
(375, 365, 'haha2', '29-08-2018', '234234', 0, '2018-08-30 17:10:45'),
(376, 366, 'haha1', '29-08-2018', '234234', 0, '2018-08-30 17:13:18'),
(377, 366, 'haha2', '29-08-2018', '234234', 0, '2018-08-30 17:13:18'),
(378, 1, 'haha2', '29-08-2018', '234234234', 0, '2018-08-30 23:42:28'),
(379, 2, 'haha2', '05-09-2018', '234234', 0, '2018-08-30 23:59:41'),
(380, 4, 'qwerw', '02-12-2019', '11673452637', 1, '2019-12-25 15:46:18');

-- --------------------------------------------------------

--
-- Table structure for table `provinsi`
--

CREATE TABLE `provinsi` (
  `id` int(15) NOT NULL,
  `nm_provinsi` varchar(50) NOT NULL,
  `id_negara` int(14) NOT NULL
) ENGINE=InnoDB DEFAULT CHARSET=latin1;

--
-- Dumping data for table `provinsi`
--

INSERT INTO `provinsi` (`id`, `nm_provinsi`, `id_negara`) VALUES
(1, 'Aceh', 1),
(2, 'Selangor', 2);

-- --------------------------------------------------------

--
-- Table structure for table `tiket`
--

CREATE TABLE `tiket` (
  `id_tiket` int(50) NOT NULL,
  `kode` varchar(100) NOT NULL,
  `tgl_berangkat` date NOT NULL,
  `waktu` time NOT NULL,
  `dari` varchar(10) NOT NULL,
  `tujuan` varchar(10) NOT NULL,
  `kapal` varchar(100) NOT NULL
) ENGINE=InnoDB DEFAULT CHARSET=latin1;

--
-- Dumping data for table `tiket`
--

INSERT INTO `tiket` (`id_tiket`, `kode`, `tgl_berangkat`, `waktu`, `dari`, `tujuan`, `kapal`) VALUES
(4, 'UB125', '2019-12-28', '08:00:00', 'KUL', 'BTJ', 'Citilink[QNK]'),
(5, 'UB126', '2019-12-28', '10:30:00', 'KUL', 'BTJ', 'Citilink[QGK]'),
(6, 'UB127', '2019-12-23', '10:40:00', 'BTJ', 'KUL', 'Citilink[QGK]');

-- --------------------------------------------------------

--
-- Table structure for table `transaksi`
--

CREATE TABLE `transaksi` (
  `id_transaksi` int(255) NOT NULL,
  `kode` varchar(10) NOT NULL,
  `id_mitra` int(255) NOT NULL,
  `id_customer` int(255) NOT NULL,
  `tgl_transaksi` timestamp NOT NULL DEFAULT CURRENT_TIMESTAMP ON UPDATE CURRENT_TIMESTAMP,
  `total_hrg` bigint(20) NOT NULL,
  `konfirmasi_bayar` tinyint(1) NOT NULL DEFAULT '0'
) ENGINE=InnoDB DEFAULT CHARSET=latin1;

--
-- Dumping data for table `transaksi`
--

INSERT INTO `transaksi` (`id_transaksi`, `kode`, `id_mitra`, `id_customer`, `tgl_transaksi`, `total_hrg`, `konfirmasi_bayar`) VALUES
(1, 'MLTGNW', 777, 368, '2018-08-30 23:45:08', 990000, 1),
(2, 'XBAMCP', 777, 369, '2018-08-31 00:01:57', 990000, 1),
(3, '12EXFH', 777, 370, '2019-12-25 15:45:54', 890000, 0),
(4, '0822XA', 777, 371, '2019-12-25 15:46:18', 890000, 0);

--
-- Triggers `transaksi`
--
DELIMITER $$
CREATE TRIGGER `konfirmasi_bayar` AFTER UPDATE ON `transaksi` FOR EACH ROW if (new.konfirmasi_bayar = 1) THEN
update orgs set orgs.jml_kas=orgs.jml_kas-new.total_hrg WHERE orgs.id=new.id_mitra;
end if
$$
DELIMITER ;

-- --------------------------------------------------------

--
-- Table structure for table `users`
--

CREATE TABLE `users` (
  `id` int(11) UNSIGNED NOT NULL,
  `ip_address` varchar(45) NOT NULL,
  `username` varchar(100) DEFAULT NULL,
  `password` varchar(255) NOT NULL,
  `salt` varchar(255) DEFAULT NULL,
  `email` varchar(100) NOT NULL,
  `activation_code` varchar(40) DEFAULT NULL,
  `forgotten_password_code` varchar(40) DEFAULT NULL,
  `forgotten_password_time` int(11) UNSIGNED DEFAULT NULL,
  `remember_code` varchar(40) DEFAULT NULL,
  `created_on` int(11) UNSIGNED NOT NULL,
  `last_login` int(11) UNSIGNED DEFAULT NULL,
  `active` tinyint(1) UNSIGNED DEFAULT NULL,
  `first_name` varchar(50) DEFAULT NULL,
  `last_name` varchar(50) DEFAULT NULL,
  `company` varchar(100) DEFAULT NULL,
  `phone` varchar(20) DEFAULT NULL
) ENGINE=InnoDB DEFAULT CHARSET=utf8;

--
-- Dumping data for table `users`
--

INSERT INTO `users` (`id`, `ip_address`, `username`, `password`, `salt`, `email`, `activation_code`, `forgotten_password_code`, `forgotten_password_time`, `remember_code`, `created_on`, `last_login`, `active`, `first_name`, `last_name`, `company`, `phone`) VALUES
(1, '127.0.0.1', 'admin', '$2a$07$SeBknntpZror9uyftVopmu61qg0ms8Qv1yV6FG.kQOSM.9QhmTo36', '', 'admin@admin.com', '', NULL, NULL, NULL, 1268889823, 1535673668, 1, 'Admin', 'istrator', '', ''),
(3, '::1', 'kanatour1', '$2y$08$094tMSZdU.hxJ8CrWys9feD.vbzbQWwFtE3qLL8tNgsCruSHnELTu', NULL, 'kanatour12@gmail.com', NULL, NULL, NULL, NULL, 1534687046, 1535380566, 1, 'kanatour', 'kanatour', '', ''),
(4, '::1', 'umum', '$2y$08$P8swppweLL.70S0Rf7Jgs.8IddlHYOG1rrViBMVkG0LTXPMhWp2w6', NULL, 'umum@gmail.com', NULL, NULL, NULL, NULL, 1535387336, 1535387344, 1, 'umum', 'umum', NULL, NULL);

-- --------------------------------------------------------

--
-- Table structure for table `users_groups`
--

CREATE TABLE `users_groups` (
  `id` int(11) UNSIGNED NOT NULL,
  `user_id` int(11) UNSIGNED NOT NULL,
  `group_id` mediumint(8) UNSIGNED NOT NULL
) ENGINE=InnoDB DEFAULT CHARSET=utf8;

--
-- Dumping data for table `users_groups`
--

INSERT INTO `users_groups` (`id`, `user_id`, `group_id`) VALUES
(2, 1, 1),
(14, 2, 2),
(17, 3, 2),
(6, 4, 2),
(18, 4, 3),
(8, 5, 4),
(9, 6, 4),
(10, 7, 4);

-- --------------------------------------------------------

--
-- Table structure for table `users_orgs`
--

CREATE TABLE `users_orgs` (
  `id` int(11) UNSIGNED NOT NULL,
  `user_id` int(11) UNSIGNED NOT NULL,
  `org_id` int(10) UNSIGNED NOT NULL
) ENGINE=InnoDB DEFAULT CHARSET=utf8;

--
-- Dumping data for table `users_orgs`
--

INSERT INTO `users_orgs` (`id`, `user_id`, `org_id`) VALUES
(2, 1, 1),
(13, 2, 768),
(15, 3, 771),
(6, 4, 1),
(16, 4, 770),
(8, 5, 766),
(9, 6, 769),
(10, 7, 768);

--
-- Indexes for dumped tables
--

--
-- Indexes for table `customer`
--
ALTER TABLE `customer`
  ADD PRIMARY KEY (`id_customer`);

--
-- Indexes for table `detail_transaksi`
--
ALTER TABLE `detail_transaksi`
  ADD PRIMARY KEY (`id`),
  ADD KEY `id_tiket` (`id_tiket`),
  ADD KEY `id_transaksi` (`id_transaksi`);

--
-- Indexes for table `groups`
--
ALTER TABLE `groups`
  ADD PRIMARY KEY (`id`);

--
-- Indexes for table `groups_menus`
--
ALTER TABLE `groups_menus`
  ADD PRIMARY KEY (`id`),
  ADD KEY `group_id` (`group_id`),
  ADD KEY `menu_id` (`menu_id`);

--
-- Indexes for table `jenis_penumpang`
--
ALTER TABLE `jenis_penumpang`
  ADD PRIMARY KEY (`id`);

--
-- Indexes for table `keys`
--
ALTER TABLE `keys`
  ADD PRIMARY KEY (`id`);

--
-- Indexes for table `konfirmasi_pembayaran`
--
ALTER TABLE `konfirmasi_pembayaran`
  ADD PRIMARY KEY (`id`);

--
-- Indexes for table `kota`
--
ALTER TABLE `kota`
  ADD PRIMARY KEY (`id`);

--
-- Indexes for table `login_attempts`
--
ALTER TABLE `login_attempts`
  ADD PRIMARY KEY (`id`);

--
-- Indexes for table `menus`
--
ALTER TABLE `menus`
  ADD PRIMARY KEY (`id`);

--
-- Indexes for table `mitra`
--
ALTER TABLE `mitra`
  ADD PRIMARY KEY (`id_mitra`);

--
-- Indexes for table `m_config`
--
ALTER TABLE `m_config`
  ADD PRIMARY KEY (`id`);

--
-- Indexes for table `negara`
--
ALTER TABLE `negara`
  ADD PRIMARY KEY (`id`);

--
-- Indexes for table `orgs`
--
ALTER TABLE `orgs`
  ADD PRIMARY KEY (`id`);

--
-- Indexes for table `pelabuhan`
--
ALTER TABLE `pelabuhan`
  ADD PRIMARY KEY (`id`);

--
-- Indexes for table `penumpang`
--
ALTER TABLE `penumpang`
  ADD PRIMARY KEY (`id_penumpang`),
  ADD KEY `jenis_penumpang` (`jenis_penumpang`);

--
-- Indexes for table `provinsi`
--
ALTER TABLE `provinsi`
  ADD PRIMARY KEY (`id`);

--
-- Indexes for table `tiket`
--
ALTER TABLE `tiket`
  ADD PRIMARY KEY (`id_tiket`);

--
-- Indexes for table `transaksi`
--
ALTER TABLE `transaksi`
  ADD PRIMARY KEY (`id_transaksi`),
  ADD KEY `id_mitra` (`id_mitra`),
  ADD KEY `id_penumpang` (`id_customer`);

--
-- Indexes for table `users`
--
ALTER TABLE `users`
  ADD PRIMARY KEY (`id`);

--
-- Indexes for table `users_groups`
--
ALTER TABLE `users_groups`
  ADD PRIMARY KEY (`id`),
  ADD UNIQUE KEY `uc_users_groups` (`user_id`,`group_id`),
  ADD KEY `fk_users_groups_users1_idx` (`user_id`),
  ADD KEY `fk_users_groups_groups1_idx` (`group_id`);

--
-- Indexes for table `users_orgs`
--
ALTER TABLE `users_orgs`
  ADD PRIMARY KEY (`id`),
  ADD UNIQUE KEY `uc_users_groups` (`user_id`,`org_id`),
  ADD KEY `fk_users_groups_users1_idx` (`user_id`),
  ADD KEY `fk_users_groups_groups1_idx` (`org_id`);

--
-- AUTO_INCREMENT for dumped tables
--

--
-- AUTO_INCREMENT for table `customer`
--
ALTER TABLE `customer`
  MODIFY `id_customer` int(11) NOT NULL AUTO_INCREMENT, AUTO_INCREMENT=372;

--
-- AUTO_INCREMENT for table `detail_transaksi`
--
ALTER TABLE `detail_transaksi`
  MODIFY `id` int(11) NOT NULL AUTO_INCREMENT, AUTO_INCREMENT=5;

--
-- AUTO_INCREMENT for table `groups`
--
ALTER TABLE `groups`
  MODIFY `id` mediumint(8) UNSIGNED NOT NULL AUTO_INCREMENT, AUTO_INCREMENT=4;

--
-- AUTO_INCREMENT for table `groups_menus`
--
ALTER TABLE `groups_menus`
  MODIFY `id` int(10) UNSIGNED NOT NULL AUTO_INCREMENT, AUTO_INCREMENT=93;

--
-- AUTO_INCREMENT for table `jenis_penumpang`
--
ALTER TABLE `jenis_penumpang`
  MODIFY `id` int(5) NOT NULL AUTO_INCREMENT, AUTO_INCREMENT=3;

--
-- AUTO_INCREMENT for table `keys`
--
ALTER TABLE `keys`
  MODIFY `id` int(11) NOT NULL AUTO_INCREMENT;

--
-- AUTO_INCREMENT for table `konfirmasi_pembayaran`
--
ALTER TABLE `konfirmasi_pembayaran`
  MODIFY `id` int(11) NOT NULL AUTO_INCREMENT, AUTO_INCREMENT=3;

--
-- AUTO_INCREMENT for table `kota`
--
ALTER TABLE `kota`
  MODIFY `id` int(15) NOT NULL AUTO_INCREMENT, AUTO_INCREMENT=3;

--
-- AUTO_INCREMENT for table `login_attempts`
--
ALTER TABLE `login_attempts`
  MODIFY `id` int(11) UNSIGNED NOT NULL AUTO_INCREMENT;

--
-- AUTO_INCREMENT for table `menus`
--
ALTER TABLE `menus`
  MODIFY `id` int(10) UNSIGNED NOT NULL AUTO_INCREMENT COMMENT 'this is ID for menus', AUTO_INCREMENT=57;

--
-- AUTO_INCREMENT for table `mitra`
--
ALTER TABLE `mitra`
  MODIFY `id_mitra` int(12) NOT NULL AUTO_INCREMENT, AUTO_INCREMENT=11;

--
-- AUTO_INCREMENT for table `m_config`
--
ALTER TABLE `m_config`
  MODIFY `id` tinyint(3) UNSIGNED NOT NULL AUTO_INCREMENT, AUTO_INCREMENT=31;

--
-- AUTO_INCREMENT for table `negara`
--
ALTER TABLE `negara`
  MODIFY `id` int(11) NOT NULL AUTO_INCREMENT, AUTO_INCREMENT=3;

--
-- AUTO_INCREMENT for table `orgs`
--
ALTER TABLE `orgs`
  MODIFY `id` mediumint(8) UNSIGNED NOT NULL AUTO_INCREMENT COMMENT 'ID', AUTO_INCREMENT=778;

--
-- AUTO_INCREMENT for table `pelabuhan`
--
ALTER TABLE `pelabuhan`
  MODIFY `id` int(30) NOT NULL AUTO_INCREMENT, AUTO_INCREMENT=4;

--
-- AUTO_INCREMENT for table `penumpang`
--
ALTER TABLE `penumpang`
  MODIFY `id_penumpang` int(12) NOT NULL AUTO_INCREMENT, AUTO_INCREMENT=381;

--
-- AUTO_INCREMENT for table `provinsi`
--
ALTER TABLE `provinsi`
  MODIFY `id` int(15) NOT NULL AUTO_INCREMENT, AUTO_INCREMENT=3;

--
-- AUTO_INCREMENT for table `tiket`
--
ALTER TABLE `tiket`
  MODIFY `id_tiket` int(50) NOT NULL AUTO_INCREMENT, AUTO_INCREMENT=7;

--
-- AUTO_INCREMENT for table `transaksi`
--
ALTER TABLE `transaksi`
  MODIFY `id_transaksi` int(255) NOT NULL AUTO_INCREMENT, AUTO_INCREMENT=5;

--
-- AUTO_INCREMENT for table `users`
--
ALTER TABLE `users`
  MODIFY `id` int(11) UNSIGNED NOT NULL AUTO_INCREMENT, AUTO_INCREMENT=5;

--
-- AUTO_INCREMENT for table `users_groups`
--
ALTER TABLE `users_groups`
  MODIFY `id` int(11) UNSIGNED NOT NULL AUTO_INCREMENT, AUTO_INCREMENT=19;

--
-- AUTO_INCREMENT for table `users_orgs`
--
ALTER TABLE `users_orgs`
  MODIFY `id` int(11) UNSIGNED NOT NULL AUTO_INCREMENT, AUTO_INCREMENT=17;
COMMIT;

/*!40101 SET CHARACTER_SET_CLIENT=@OLD_CHARACTER_SET_CLIENT */;
/*!40101 SET CHARACTER_SET_RESULTS=@OLD_CHARACTER_SET_RESULTS */;
/*!40101 SET COLLATION_CONNECTION=@OLD_COLLATION_CONNECTION */;
